series,01-1985,02-1985,03-1985,04-1985,05-1985,06-1985,07-1985,08-1985,09-1985,10-1985,11-1985,12-1985,01-1986,02-1986,03-1986,04-1986,05-1986,06-1986,07-1986,08-1986,09-1986,10-1986,11-1986,12-1986,01-1987,02-1987,03-1987,04-1987,05-1987,06-1987,07-1987,08-1987,09-1987,10-1987,11-1987,12-1987,01-1988,02-1988,03-1988,04-1988,05-1988,06-1988,07-1988,08-1988,09-1988,10-1988,11-1988,12-1988,01-1989,02-1989,03-1989,04-1989,05-1989,06-1989,07-1989,08-1989,09-1989,10-1989,11-1989,12-1989,01-1990,02-1990,03-1990,04-1990,05-1990,06-1990,07-1990,08-1990,09-1990,10-1990,11-1990,12-1990,01-1991,02-1991,03-1991,04-1991,05-1991,06-1991,07-1991,08-1991,09-1991,10-1991,11-1991,12-1991,01-1992,02-1992,03-1992,04-1992,05-1992,06-1992,07-1992,08-1992,09-1992,10-1992,11-1992,12-1992,01-1993,02-1993,03-1993,04-1993,05-1993,06-1993,07-1993,08-1993,09-1993,10-1993,11-1993,12-1993,01-1994,02-1994,03-1994,04-1994,05-1994,06-1994,07-1994,08-1994,09-1994,10-1994,11-1994,12-1994,01-1995,02-1995,03-1995,04-1995,05-1995,06-1995,07-1995,08-1995,09-1995,10-1995,11-1995,12-1995,01-1996,02-1996,03-1996,04-1996,05-1996,06-1996,07-1996,08-1996,09-1996,10-1996,11-1996,12-1996,01-1997,02-1997,03-1997,04-1997,05-1997,06-1997,07-1997,08-1997,09-1997,10-1997,11-1997,12-1997,01-1998,02-1998,03-1998,04-1998,05-1998,06-1998,07-1998,08-1998,09-1998,10-1998,11-1998,12-1998,01-1999,02-1999,03-1999,04-1999,05-1999,06-1999,07-1999,08-1999,09-1999,10-1999,11-1999,12-1999,01-2000,02-2000,03-2000,04-2000,05-2000,06-2000,07-2000,08-2000,09-2000,10-2000,11-2000,12-2000,01-2001,02-2001,03-2001,04-2001,05-2001,06-2001,07-2001,08-2001,09-2001,10-2001,11-2001,12-2001,01-2002,02-2002,03-2002,04-2002,05-2002,06-2002,07-2002,08-2002,09-2002,10-2002,11-2002,12-2002,01-2003,02-2003,03-2003,04-2003,05-2003,06-2003,07-2003,08-2003,09-2003,10-2003,11-2003,12-2003,01-2004,02-2004,03-2004,04-2004,05-2004,06-2004,07-2004,08-2004,09-2004,10-2004,11-2004,12-2004,01-2005,02-2005,03-2005,04-2005,05-2005,06-2005,07-2005,08-2005,09-2005,10-2005,11-2005,12-2005,01-2006,02-2006,03-2006,04-2006,05-2006,06-2006,07-2006,08-2006,09-2006,10-2006,11-2006,12-2006,01-2007,02-2007,03-2007,04-2007,05-2007,06-2007,07-2007,08-2007,09-2007,10-2007,11-2007,12-2007,01-2008,02-2008,03-2008,04-2008,05-2008,06-2008,07-2008,08-2008,09-2008,10-2008,11-2008,12-2008,01-2009,02-2009,03-2009,04-2009,05-2009,06-2009,07-2009,08-2009,09-2009,10-2009,11-2009,12-2009,01-2010,02-2010,03-2010,04-2010,05-2010,06-2010,07-2010,08-2010,09-2010,10-2010,11-2010,12-2010,01-2011,02-2011,03-2011,04-2011,05-2011,06-2011,07-2011,08-2011,09-2011,10-2011,11-2011,12-2011,01-2012,02-2012,03-2012,04-2012,05-2012,06-2012,07-2012,08-2012,09-2012,10-2012,11-2012,12-2012,01-2013,02-2013,03-2013,04-2013,05-2013,06-2013,07-2013,08-2013,09-2013,10-2013,11-2013,12-2013,01-2014,02-2014,03-2014,04-2014,05-2014,06-2014,07-2014,08-2014,09-2014,10-2014,11-2014,12-2014,01-2015,02-2015,03-2015,04-2015,05-2015,06-2015,07-2015,08-2015,09-2015,10-2015,11-2015,12-2015,01-2016,02-2016,03-2016,04-2016,05-2016,06-2016,07-2016,08-2016,09-2016,10-2016,11-2016,12-2016,01-2017,02-2017,03-2017,04-2017,05-2017,06-2017,07-2017,08-2017,09-2017,10-2017,11-2017,12-2017,01-2018,02-2018,03-2018,04-2018,05-2018,06-2018,07-2018,08-2018,09-2018,10-2018,11-2018,12-2018,01-2019,02-2019,03-2019,04-2019,05-2019,06-2019,07-2019,08-2019,09-2019,10-2019,11-2019,12-2019,01-2020,02-2020,03-2020,04-2020,05-2020,06-2020,07-2020,08-2020,09-2020,10-2020,11-2020,12-2020,01-2021,02-2021,03-2021,04-2021,05-2021,06-2021,07-2021,08-2021,09-2021,10-2021,11-2021,12-2021,01-2022,02-2022,03-2022,04-2022,05-2022,06-2022,07-2022,08-2022,09-2022,10-2022,11-2022,12-2022,01-2023,02-2023,03-2023,04-2023,05-2023,06-2023,07-2023,08-2023,09-2023,10-2023,11-2023,12-2023,01-2024,02-2024,03-2024,04-2024,05-2024,06-2024,07-2024,08-2024,09-2024,10-2024,11-2024,12-2024,01-2025,02-2025,03-2025
Aggravated Assault Reported by Population,679,730,874,923,1034,973,1003,996,1017,895,839,771,738,740,932,901,1100,1159,1346,1232,1099,993,852,879,883,737,902,994,1246,1091,1237,1233,1126,995,1027,1175,867,911,1094,1201,1248,1281,1365,1310,1313,1127,1066,989,1077,902,1154,1173,1321,1253,1548,1406,1389,1437,1217,1126,1336,1224,1441,1529,1781,1746,1782,1774,1738,1388,1351,1332,1280,1274,1566,1718,1852,1818,2023,2039,1610,1653,1442,1481,1604,1536,1598,1809,1930,1858,2028,1906,1856,1625,1478,1669,1628,1427,1842,2045,2024,2042,2188,2086,1799,1792,1552,1624,1649,1644,1772,2063,1857,2017,1979,1867,1685,1753,1660,1564,1374,1479,1827,1915,1888,1809,2035,2108,1938,2046,1671,2085,2011,1547,1627,1731,2016,1979,1999,2043,1849,1966,1555,1697,1603,1483,1806,1925,2155,2109,2265,2126,1957,1720,1540,1674,1783,1563,1778,1959,2294,2059,2120,2132,2023,1829,1845,1756,2080,1662,1975,2092,2310,2402,2424,2458,2325,2185,1930,1944,2079,1982,2197,2224,2562,2447,2817,2578,2617,2439,2132,1980,2216,1971,2347,2668,2729,2829,2877,2769,2548,2583,2256,2158,2130,1784,2296,2651,2706,2750,2806,2997,2796,2392,2064,2051,2009,1704,2404,2561,2653,2572,2617,2590,2495,2559,2243,2031,2190,1946,2437,2350,2872,2689,2891,2677,2595,2573,2269,2097,2271,2014,2624,2765,3119,2980,3259,3095,2822,2765,2446,2222,2484,1904,2644,2910,2950,3069,3191,2964,2760,2747,2272,2366,2262,2174,2966,2739,3161,3024,3033,3067,2985,2701,2236,2461,2208,2076,2567,2620,2976,3156,2950,2890,3017,2578,2303,2211,2210,1997,2532,2768,2922,2943,2822,2740,2573,2292,2155,1839,2003,1796,2216,2576,2766,2595,2704,2639,2484,2420,1944,1860,1965,1861,2241,2457,2562,2565,2849,2631,2424,2440,2235,2136,2208,2101,2770,2639,3012,2840,2876,2780,2541,2412,2125,2236,2110,1725,2099,2552,2509,2715,2595,2627,2367,2296,2046,2106,2071,1794,2470,2586,2958,2690,2811,2913,2459,2452,2162,2275,2214,1729,2415,2460,2893,2833,2832,2916,2587,2391,2322,2501,2360,2083,2646,2679,2827,2807,2747,2793,2722,2810,2414,2627,2606,2133,2663,2799,3199,2956,3025,2865,2659,2780,2423,2306,2452,2274,2581,2549,3058,2841,2974,2918,2929,2556,2287,2448,2415,2043,2460,2822,2969,2943,3121,2596,2745,2500,2221,2615,2478,2056,2677,2811,3726,3697,3719,3787,3241,3400,3049,2962,3131,2453,2923,3470,3722,3532,3541,3227,3073,3238,2772,3033,2685,2591,2967,3171,3415,3307,3207,3259,3041,3082,2739,2968,2969,2591,2950,3166,3597,3366,3270,3013,3167,2989,2661,2911,,,,,,,,,,,,,,,
All Other Larceny Reported by Population,0,0,0,0,0,0,0,0,0,0,0,0,0,0,0,0,0,0,0,0,0,0,0,0,0,0,0,0,0,0,0,0,0,0,0,0,0,0,0,0,0,0,0,0,0,0,0,0,0,0,0,0,0,0,0,0,0,0,0,0,0,0,0,0,0,0,0,0,0,0,0,0,0,0,0,0,0,0,0,0,0,0,0,0,0,0,0,0,0,0,0,0,0,0,0,0,0,0,0,0,0,0,0,0,0,0,0,0,0,0,0,0,0,0,0,0,0,0,0,0,0,0,0,0,0,0,0,0,0,0,0,0,0,0,0,0,0,0,0,0,0,0,0,0,0,0,0,0,0,0,0,0,0,0,0,0,0,0,0,0,0,0,0,0,0,0,5,8,0,0,0,0,37,15,43,0,0,0,0,38,100,41,65,86,46,55,54,350,1237,1280,838,809,1256,728,1188,871,1009,1064,721,758,779,1080,791,902,1224,902,1124,1046,1350,1757,1167,824,828,1099,1155,707,1267,832,973,986,903,1456,1174,727,1409,804,651,949,1290,1092,1184,1238,728,557,922,1179,1054,1364,1386,1528,1422,1032,619,821,1514,1637,2221,1547,1315,1766,849,1191,1547,1257,1144,1448,1562,1939,1669,1960,1361,1266,1287,1642,1895,1111,2031,1538,1942,2230,1690,1817,1471,1856,1287,1258,1583,959,1513,1851,2235,1518,1790,1608,1644,1000,1135,1434,1333,1196,1681,1837,2066,2010,2065,1885,1667,1653,1591,1440,1540,1338,1753,2031,2295,2329,2301,2236,2041,1957,1543,1456,1665,1206,1539,1620,2086,2015,2395,2371,2082,1741,1513,1595,1782,1124,1722,1751,1990,2116,1871,1686,1667,1472,1510,1206,1435,1135,1376,1568,1830,1795,1857,2005,1552,1688,1193,1154,1227,988,1415,1538,1797,1811,1976,1849,1553,1636,1258,1272,1450,764,1094,1365,1763,1784,1950,1679,1607,1388,1318,1293,1147,956,1220,1534,1628,1546,1660,1682,1616,1563,1438,1489,2242,2012,2190,2419,2740,2987,3041,2998,2869,2863,2482,2459,2018,1948,2345,2368,3025,2857,3134,2992,2667,2793,2372,2587,2345,1974,2268,2485,2740,2893,3006,2875,2853,2596,2142,2469,2141,1894,2184,2333,2471,2609,2761,2755,2743,2811,2374,2534,2276,1860,2153,2247,2384,2545,2625,2536,2411,2433,2192,2258,2031,2018,2216,2346,2570,2583,2769,2712,2596,2308,2136,2316,2012,1915,2248,2261,2542,2519,2488,2644,2422,2387,2207,2314,,,,,,,,,,,,,,,
Animal Cruelty Reported by Population,0,0,0,0,0,0,0,0,0,0,0,0,0,0,0,0,0,0,0,0,0,0,0,0,0,0,0,0,0,0,0,0,0,0,0,0,0,0,0,0,0,0,0,0,0,0,0,0,0,0,0,0,0,0,0,0,0,0,0,0,0,0,0,0,0,0,0,0,0,0,0,0,0,0,0,0,0,0,0,0,0,0,0,0,0,0,0,0,0,0,0,0,0,0,0,0,0,0,0,0,0,0,0,0,0,0,0,0,0,0,0,0,0,0,0,0,0,0,0,0,0,0,0,0,0,0,0,0,0,0,0,0,0,0,0,0,0,0,0,0,0,0,0,0,0,0,0,0,0,0,0,0,0,0,0,0,0,0,0,0,0,0,0,0,0,0,0,0,0,0,0,0,0,0,0,0,0,0,0,0,0,0,0,0,0,0,0,0,0,0,0,0,0,0,0,0,0,0,0,0,0,0,1,0,0,0,0,0,0,0,0,0,0,0,0,0,0,0,0,0,0,0,0,0,0,0,0,0,0,0,0,0,0,0,0,0,0,0,0,0,0,0,0,0,0,0,0,0,0,0,0,0,0,0,0,0,0,0,0,0,0,0,0,0,0,0,0,0,0,0,0,0,0,0,0,0,0,0,0,0,0,0,0,0,0,0,0,0,0,0,0,0,0,0,0,0,0,0,0,0,0,0,0,0,0,0,0,0,0,0,0,0,0,0,0,0,0,0,0,0,0,1,0,0,0,0,0,0,0,0,0,0,0,0,0,0,0,0,0,0,0,0,0,0,0,0,0,1,0,0,0,0,0,0,0,0,0,0,0,0,0,0,0,0,0,0,0,1,0,0,0,0,1,1,0,0,1,1,10,17,19,10,15,17,31,37,54,30,40,58,51,31,32,44,27,40,41,43,45,39,42,56,39,44,43,34,35,31,34,31,38,36,51,54,47,51,50,48,57,40,41,38,30,34,39,45,59,39,38,34,39,39,40,47,54,39,51,66,63,58,39,49,43,50,61,31,57,44,49,58,58,58,51,60,60,61,38,59,44,50,60,59,80,63,52,63,51,59,,,,,,,,,,,,,,,
Arson Reported by Population,97,110,159,110,115,144,117,144,139,126,147,155,160,114,216,143,120,136,168,190,155,141,111,118,168,100,169,154,116,122,142,129,124,136,199,107,121,122,182,124,124,140,118,112,125,129,122,132,124,102,122,142,135,124,122,161,123,131,114,119,155,108,161,129,157,152,181,157,175,147,142,164,148,108,174,152,140,152,170,163,160,142,132,161,139,118,145,112,155,136,137,130,121,105,103,110,121,126,140,107,124,119,120,111,112,111,97,116,99,106,121,99,106,118,104,143,107,106,98,126,91,96,103,119,107,102,137,126,149,152,120,102,95,80,110,108,93,107,157,80,126,124,133,92,94,97,120,107,101,112,140,114,122,157,106,127,117,109,108,119,123,128,129,119,95,130,136,99,96,52,99,115,104,114,170,139,170,156,126,105,69,55,59,59,67,95,70,57,37,42,0,0,106,125,137,155,147,135,151,145,154,183,174,119,140,119,135,115,150,156,141,131,136,109,109,110,110,103,148,133,115,123,173,134,137,156,126,110,111,102,144,133,120,117,136,141,122,150,121,106,138,95,118,110,117,99,153,137,135,116,138,110,103,124,136,124,100,107,137,105,129,123,111,114,106,103,149,120,124,109,123,111,89,102,90,94,76,86,88,88,90,102,102,130,147,148,125,97,95,83,127,123,86,109,109,135,98,99,103,73,95,65,98,114,101,96,93,106,122,126,81,66,87,72,95,89,83,98,102,116,114,114,103,75,96,70,101,114,109,124,107,126,99,88,111,79,81,74,85,101,97,103,105,114,92,98,83,72,73,81,85,80,103,84,113,128,87,106,78,70,72,47,74,70,97,70,87,92,76,86,78,81,74,73,72,96,88,85,103,88,107,117,107,84,72,89,68,72,88,83,79,86,64,76,87,96,64,52,83,66,56,79,97,76,69,71,69,57,67,53,65,54,85,86,92,74,78,61,61,62,77,56,78,77,101,93,107,90,73,78,89,83,69,51,91,91,98,89,91,79,70,73,70,89,61,74,82,75,92,72,88,72,85,71,69,57,77,85,75,95,89,81,88,56,53,94,57,64,,,,,,,,,,,,,,,
Assisting or Promoting Prostitution Reported by Population,0,0,0,0,0,0,0,0,0,0,0,0,0,0,0,0,0,0,0,0,0,0,0,0,0,0,0,0,0,0,0,0,0,0,0,0,0,0,0,0,0,0,0,0,0,0,0,0,0,0,0,0,0,0,0,0,0,0,0,0,0,0,0,0,0,0,0,0,0,0,0,0,0,0,0,0,0,0,0,0,0,0,0,0,0,0,0,0,0,0,0,0,0,0,0,0,0,0,0,0,0,0,0,0,0,0,0,0,0,0,0,0,0,0,0,0,0,0,0,0,0,0,0,0,0,0,0,0,0,0,0,0,0,0,0,0,0,0,0,0,0,0,0,0,0,0,0,0,0,0,0,0,0,0,0,0,0,0,0,0,0,0,0,0,0,0,0,0,0,0,0,0,0,0,0,0,0,0,0,0,0,0,0,0,0,0,0,1,16,40,45,60,16,4,8,23,50,13,2,35,9,5,13,7,12,8,42,19,7,19,10,11,14,28,2,1,14,4,19,7,8,6,12,24,4,6,0,1,2,0,3,1,0,1,1,1,2,7,5,2,2,4,0,0,5,5,27,29,9,2,0,2,1,3,25,13,20,5,9,7,16,6,8,5,4,3,1,1,4,5,2,22,4,8,4,2,4,2,5,49,7,5,10,2,3,2,5,0,1,5,2,13,3,12,12,5,2,4,3,0,4,0,5,2,2,10,2,5,4,8,5,4,4,3,2,2,3,1,5,5,3,4,4,6,8,12,17,4,9,6,4,7,10,3,6,4,10,0,1,4,3,4,7,2,6,5,4,3,6,2,28,10,8,7,7,4,3,3,8,14,11,10,23,9,22,8,10,12,10,5,4,5,7,17,16,8,9,8,2,0,4,10,6,5,2,3,1,5,17,8,8,5,4,6,6,4,0,2,2,1,6,5,4,4,0,3,0,12,8,2,3,3,14,8,7,6,1,0,0,4,5,3,12,1,0,11,1,4,3,4,3,0,6,2,4,1,2,0,1,1,3,2,4,2,2,10,3,4,4,6,3,5,4,1,4,0,5,3,4,5,4,1,1,3,4,0,12,1,,,,,,,,,,,,,,,
Betting_Wagering Reported by Population,0,0,0,0,0,0,0,0,0,0,0,0,0,0,0,0,0,0,0,0,0,0,0,0,0,0,0,0,0,0,0,0,0,0,0,0,0,0,0,0,0,0,0,0,0,0,0,0,0,0,0,0,0,0,0,0,0,0,0,0,0,0,0,0,0,0,0,0,0,0,0,0,0,0,0,0,0,0,0,0,0,0,0,0,0,0,0,0,0,0,0,0,0,0,0,0,0,0,0,0,0,0,0,0,0,0,0,0,0,0,0,0,0,0,0,0,0,0,0,0,0,0,0,0,0,0,0,0,0,0,0,0,0,0,0,0,0,0,0,0,0,0,0,0,0,0,0,0,0,0,0,0,0,0,0,0,0,0,0,0,0,0,0,0,0,0,0,0,0,0,0,0,0,0,0,0,0,0,0,0,0,0,0,0,0,0,0,0,6,7,0,1,1,2,0,7,3,1,3,4,2,5,3,0,4,10,8,7,6,1,3,4,1,3,3,2,3,1,3,0,1,7,2,5,6,7,3,1,4,2,2,2,2,0,1,2,3,3,5,6,3,0,0,1,1,3,7,4,4,6,1,0,1,6,1,6,2,4,3,3,1,1,4,3,5,0,3,5,3,7,2,4,0,2,3,2,4,4,8,9,5,2,4,12,7,5,7,3,5,5,5,6,11,9,15,14,15,12,11,1,3,4,3,12,9,6,12,9,12,4,11,4,2,7,11,8,6,7,6,6,4,6,6,1,5,2,5,8,3,10,0,4,7,7,8,2,4,4,4,4,4,3,6,5,3,9,6,0,0,4,3,2,0,2,2,7,2,4,0,1,2,0,2,0,2,2,2,3,1,4,4,1,1,3,4,3,2,3,3,3,6,5,1,0,6,4,4,0,1,1,0,0,3,3,2,1,1,0,3,2,5,2,2,1,0,1,0,0,0,0,0,0,0,0,1,1,0,2,0,0,1,0,0,1,2,2,0,0,2,0,0,0,0,1,0,1,2,0,1,0,0,0,1,3,2,0,3,2,0,1,0,2,3,2,0,1,5,1,1,3,2,1,2,1,5,2,1,2,,,,,,,,,,,,,,,
Bribery Reported by Population,0,0,0,0,0,0,0,0,0,0,0,0,0,0,0,0,0,0,0,0,0,0,0,0,0,0,0,0,0,0,0,0,0,0,0,0,0,0,0,0,0,0,0,0,0,0,0,0,0,0,0,0,0,0,0,0,0,0,0,0,0,0,0,0,0,0,0,0,0,0,0,0,0,0,0,0,0,0,0,0,0,0,0,0,0,0,0,0,0,0,0,0,0,0,0,0,0,0,0,0,0,0,0,0,0,0,0,0,0,0,0,0,0,0,0,0,0,0,0,0,0,0,0,0,0,0,0,0,0,0,0,0,0,0,0,0,0,0,0,0,0,0,0,0,0,0,0,0,0,0,0,0,0,0,0,0,0,0,0,0,0,0,0,0,0,0,0,0,0,0,0,0,0,0,0,0,0,0,0,0,0,0,0,0,0,0,0,0,0,0,0,1,0,0,0,1,1,0,1,1,1,0,2,0,0,0,0,0,0,0,0,0,0,0,0,0,1,0,0,1,0,0,0,0,1,0,0,0,0,0,0,2,1,0,1,0,0,0,0,2,2,0,0,0,0,0,1,0,0,1,0,0,2,2,2,2,2,2,1,2,2,1,1,2,1,1,0,1,3,2,1,1,1,2,0,0,0,3,1,0,1,0,2,1,0,0,0,1,0,2,1,0,0,2,0,0,1,3,0,0,2,2,3,1,2,1,4,0,1,1,0,1,0,1,0,0,1,0,2,2,0,0,1,4,2,1,2,2,0,3,2,3,1,0,2,2,0,0,0,1,0,1,0,3,1,3,1,0,1,2,1,1,0,3,2,0,5,2,0,2,1,1,1,1,3,0,2,1,1,0,1,1,1,1,0,2,1,1,1,0,0,3,2,1,3,3,3,2,2,2,0,1,2,1,2,2,1,1,1,1,0,3,1,0,4,1,2,4,0,3,1,3,3,1,1,2,2,6,5,2,2,1,1,0,5,3,1,3,2,3,4,2,4,0,2,3,3,2,3,1,2,1,2,4,2,2,0,1,0,1,1,4,1,3,2,2,1,3,1,3,2,2,3,0,1,1,2,2,,,,,,,,,,,,,,,
Burglary Reported by Population,4180,3554,4255,3808,4103,4084,4581,4349,4286,4526,4625,4663,4999,4336,4599,4161,4540,4690,5230,5312,4847,4717,4896,5634,5097,4832,4780,4560,4491,4345,5143,5274,4714,4707,4570,6813,5021,4623,4265,3791,4305,4255,4779,5000,4641,4604,4685,4807,5034,3956,4158,3947,4185,4138,4752,4620,4533,4620,4417,4474,4838,3983,4089,3897,4127,4249,4960,4669,4556,4588,4732,4885,5070,4271,4619,4623,4759,4686,5236,4829,4810,4503,4563,5184,5170,4399,4548,3932,4205,4172,5068,4621,4172,4134,4303,4812,4456,3562,4166,4007,4260,4357,4620,4720,4229,4160,4132,4564,3916,3645,3867,3855,4106,4119,4552,4288,4191,4025,3910,4203,4397,3619,3922,3741,4204,4109,4311,4349,4188,4285,4363,4456,4256,3317,3544,3687,4031,4088,4748,4350,4569,4354,4259,4496,4059,3431,3734,3788,4082,4171,4622,4533,4416,4347,4312,5015,4907,3734,4157,4027,4424,4269,4769,4601,4140,4179,3920,4003,4031,3183,3872,3734,3787,4396,4344,4567,4332,4230,4342,4469,4436,3931,4428,4303,4750,4591,5271,4870,4890,5334,4939,4803,4624,3790,4623,4634,4992,5219,5345,5410,5263,5461,4989,5102,4827,3783,4536,4838,5511,5239,5677,5605,5225,5479,5215,5364,4787,3816,5069,5278,5523,5231,6127,5595,5551,5719,5295,5236,4895,4074,4728,4548,5106,5017,5564,5464,5238,5516,5251,4969,4723,3618,4866,4849,5460,5255,5691,5515,5426,5435,5275,5144,5045,3982,4950,4888,5450,5382,5721,6016,5564,5512,5435,5023,4759,3776,5042,4964,5776,5359,5820,5349,5029,5348,5089,5414,4959,4113,5067,5031,5448,5169,5637,5841,5962,6030,5824,5762,4826,3964,4741,5176,5432,5532,5766,5886,5674,5965,5460,5407,4571,3451,4829,5259,5555,5685,5882,5967,5916,6003,5626,5490,4636,3818,4874,5167,5317,5155,5531,6014,5518,5546,5602,5639,4818,3572,4460,4568,5104,4762,5244,5209,4598,4887,4387,4543,4442,3304,3860,4087,4666,4319,4701,4540,4483,4557,4046,4161,3713,2901,3392,3616,4126,3948,4492,4411,4125,4248,3821,3833,3453,2405,3236,3721,3769,3828,4020,4071,3762,3904,3712,3864,3326,2738,3159,3331,3653,3323,3710,3725,3483,3626,3280,3368,3316,2700,2836,2999,3487,3497,3540,3498,3345,3354,3132,3098,2766,2565,2539,2827,3060,3066,3225,3033,2787,2752,2570,2786,2761,2230,2213,2595,2656,2501,2702,2739,2492,2635,2195,2467,2297,2027,2057,2164,2010,2232,2343,2331,2342,2464,2142,2301,2079,1718,1760,1728,1998,1905,2300,1970,1850,2234,1941,2136,1836,1737,1981,1844,2110,2057,2080,1846,1870,1795,1830,1801,1761,1531,1785,1703,1782,1896,1962,1933,1784,1788,1761,1617,,,,,,,,,,,,,,,
Counterfeiting_Forgery Reported by Population,0,0,0,0,0,0,0,0,0,0,0,0,0,0,0,0,0,0,0,0,0,0,0,0,0,0,0,0,0,0,0,0,0,0,0,0,0,0,0,0,0,0,0,0,0,0,0,0,0,0,0,0,0,0,0,0,0,0,0,0,0,0,0,0,0,0,0,0,0,0,0,0,0,0,0,0,0,0,0,0,0,0,0,0,0,0,0,0,0,0,0,0,0,0,0,0,0,0,0,0,0,0,0,0,0,0,0,0,0,0,0,0,0,0,0,0,0,0,0,0,0,0,0,0,0,0,0,0,0,0,0,0,0,0,0,0,0,0,0,0,0,0,0,0,0,0,0,0,0,0,0,0,0,0,0,0,0,0,0,0,0,0,0,0,0,0,0,0,0,0,0,0,11,0,5,0,0,0,0,11,15,7,9,9,9,5,16,100,230,258,172,143,186,99,209,139,196,203,81,152,118,151,151,149,220,178,202,167,211,295,226,140,145,174,192,147,171,122,203,155,173,199,173,107,251,157,104,191,283,198,239,171,107,66,263,161,158,254,246,250,282,194,162,139,213,247,361,385,368,361,220,258,224,155,231,280,278,314,306,260,208,290,286,362,387,223,354,214,352,285,265,341,232,351,262,283,367,270,312,495,395,312,437,326,372,248,246,409,423,266,315,343,380,314,338,323,276,295,361,252,293,254,277,373,339,374,340,467,348,412,311,297,297,258,302,266,334,295,401,462,316,254,307,291,395,201,270,348,354,400,331,391,330,355,310,326,371,283,297,266,334,340,387,360,309,332,330,319,430,266,344,296,355,401,443,369,374,372,333,312,355,277,315,339,352,354,439,384,319,328,399,395,462,272,345,398,395,344,361,404,397,371,375,440,740,700,619,588,675,730,747,643,658,681,620,576,646,605,602,630,691,655,684,685,592,615,622,636,741,589,551,656,730,683,754,779,662,617,500,617,652,534,407,403,449,417,423,463,409,498,497,481,447,345,356,335,337,380,467,417,446,419,417,464,441,431,477,477,447,508,533,583,522,516,427,404,487,400,419,465,457,452,448,455,378,373,374,345,,,,,,,,,,,,,,,
Credit Card_Automated Teller Machine Fraud Reported by Population,0,0,0,0,0,0,0,0,0,0,0,0,0,0,0,0,0,0,0,0,0,0,0,0,0,0,0,0,0,0,0,0,0,0,0,0,0,0,0,0,0,0,0,0,0,0,0,0,0,0,0,0,0,0,0,0,0,0,0,0,0,0,0,0,0,0,0,0,0,0,0,0,0,0,0,0,0,0,0,0,0,0,0,0,0,0,0,0,0,0,0,0,0,0,0,0,0,0,0,0,0,0,0,0,0,0,0,0,0,0,0,0,0,0,0,0,0,0,0,0,0,0,0,0,0,0,0,0,0,0,0,0,0,0,0,0,0,0,0,0,0,0,0,0,0,0,0,0,0,0,0,0,0,0,0,0,0,0,0,0,0,0,0,0,0,0,0,0,0,0,0,0,5,0,1,0,0,0,0,4,4,4,4,3,1,1,4,23,80,95,48,59,95,48,110,81,65,94,66,65,56,120,98,107,102,118,113,121,131,132,102,70,70,106,108,80,99,98,90,64,52,80,22,5,87,22,24,59,133,81,90,69,41,30,79,90,50,79,159,148,109,77,67,69,90,107,171,161,152,201,155,137,203,138,97,144,147,204,202,164,149,105,104,235,234,172,240,179,271,163,116,200,148,178,168,203,192,175,243,293,313,279,295,233,347,237,230,266,233,275,313,381,378,362,292,351,307,333,399,276,389,245,342,381,323,434,356,473,354,323,352,288,316,337,285,368,329,323,354,446,323,258,312,314,319,232,353,488,433,383,328,331,325,419,302,346,315,307,452,380,437,366,448,512,456,387,434,366,425,414,516,501,517,459,466,495,587,514,524,465,522,328,472,428,511,481,606,522,579,512,424,489,592,487,549,600,666,600,595,586,611,674,545,674,910,876,884,869,957,1042,889,886,995,908,900,746,895,798,855,951,985,1057,936,1021,860,716,788,873,793,787,733,768,765,749,875,800,718,779,778,680,663,595,569,603,602,676,737,682,587,669,554,661,638,452,611,516,606,577,633,659,577,585,660,639,587,532,602,577,699,627,651,683,594,642,614,679,579,531,586,523,604,665,590,624,646,603,600,540,,,,,,,,,,,,,,,
Criminal Sexual Contact Reported by Population,0,0,0,0,0,0,0,0,0,0,0,0,0,0,0,0,0,0,0,0,0,0,0,0,0,0,0,0,0,0,0,0,0,0,0,0,0,0,0,0,0,0,0,0,0,0,0,0,0,0,0,0,0,0,0,0,0,0,0,0,0,0,0,0,0,0,0,0,0,0,0,0,0,0,0,0,0,0,0,0,0,0,0,0,0,0,0,0,0,0,0,0,0,0,0,0,0,0,0,0,0,0,0,0,0,0,0,0,0,0,0,0,0,0,0,0,0,0,0,0,0,0,0,0,0,0,0,0,0,0,0,0,0,0,0,0,0,0,0,0,0,0,0,0,0,0,0,0,0,0,0,0,0,0,0,0,0,0,0,0,0,0,0,0,0,0,1,0,1,0,0,0,5,1,3,0,0,0,0,4,7,1,5,5,1,2,3,41,57,90,37,36,54,31,78,55,53,55,31,25,25,62,19,21,69,51,61,65,72,79,48,30,41,73,81,23,56,52,63,35,33,53,21,28,78,29,25,25,75,38,40,35,33,25,28,41,39,40,73,61,94,38,24,43,45,43,71,59,51,89,63,47,94,55,59,76,50,71,56,79,53,53,54,58,96,50,116,57,81,91,55,59,57,92,60,46,95,47,79,99,97,59,50,50,88,43,50,69,82,77,86,80,79,99,84,117,94,107,96,73,139,80,116,118,106,113,79,112,115,127,96,69,148,92,82,101,97,84,90,124,149,146,118,91,202,145,106,117,122,102,129,107,130,109,141,76,139,115,121,121,109,115,108,131,112,106,130,70,159,110,104,120,118,127,163,135,137,121,112,116,190,90,109,127,141,134,142,138,182,125,115,116,222,132,152,175,139,141,138,176,184,157,150,124,314,228,202,217,252,210,213,259,246,303,240,188,246,231,249,238,273,228,245,267,227,245,235,212,268,221,230,247,271,201,261,245,226,251,217,174,276,228,171,130,199,209,226,242,225,210,154,174,181,187,225,228,281,236,230,236,276,243,261,227,253,270,286,289,302,225,205,269,278,252,212,222,238,205,188,237,235,195,218,236,223,245,195,177,,,,,,,,,,,,,,,
Destruction_Damage_Vandalism of Property Reported by Population,0,0,0,0,0,0,0,0,0,0,0,0,0,0,0,0,0,0,0,0,0,0,0,0,0,0,0,0,0,0,0,0,0,0,0,0,0,0,0,0,0,0,0,0,0,0,0,0,0,0,0,0,0,0,0,0,0,0,0,0,0,0,0,0,0,0,0,0,0,0,0,0,0,0,0,0,0,0,0,0,0,0,0,0,0,0,0,0,0,0,0,0,0,0,0,0,0,0,0,0,0,0,0,0,0,0,0,0,0,0,0,0,0,0,0,0,0,0,0,0,0,0,0,0,0,0,0,0,0,0,0,0,0,0,0,0,0,0,0,0,0,0,0,0,0,0,0,0,0,0,0,0,0,0,0,0,0,0,0,0,0,0,0,0,0,0,2,4,0,0,0,0,76,36,42,0,0,0,0,72,107,43,75,116,97,32,83,474,2486,2546,1164,1258,2315,1035,2353,1334,1479,1446,1652,1074,1087,2309,1128,1330,2553,2022,2306,2193,2719,2939,1722,1300,1393,2332,2280,1170,2250,1919,2298,1382,1262,2509,1715,1062,2683,1228,1087,1303,2557,1572,1840,1599,844,624,982,1911,1483,2139,2413,2426,2529,1671,820,965,2187,2436,3857,2310,2047,3453,1562,1906,3014,2363,2170,2445,2742,3268,2976,3141,2099,2183,1988,2798,3160,1904,3248,2131,2394,3181,2319,2555,2163,2998,2095,2231,3078,1886,2919,3109,3491,2382,2666,2591,2943,1919,2124,2951,2748,2412,3138,3102,3358,3117,3363,3139,2671,2878,2793,2330,2635,2260,2784,2981,3297,3264,3278,3055,2938,3219,2397,2158,2492,1959,2531,2730,3292,3014,3441,3318,3150,2899,2779,2902,3038,2365,3014,2809,3202,3118,3337,2940,2760,2603,2760,2546,2926,2308,2778,2844,3271,3118,3172,3075,2708,2875,2328,2440,2510,2036,2780,2734,3141,3128,3326,3025,2699,3014,2442,2766,2894,1833,2677,2788,3226,3048,3473,3076,2821,2806,2741,2780,3069,2491,2823,3123,3312,2979,3210,3017,3077,3263,2906,2868,4192,3721,4246,4402,4781,4861,5019,4641,4376,4713,4234,3985,3715,3400,4000,3944,4518,4566,4532,4194,4016,4145,3436,3745,3556,3199,3776,4062,4253,4216,4494,4098,4003,4003,3423,3619,3572,3260,3560,3551,4055,4539,4891,4536,4217,4305,3839,3875,3761,2974,3603,3612,4180,4102,4623,4023,3786,4261,3640,3789,3668,3214,3624,3728,4162,4213,4416,4058,3975,4109,3610,3788,3854,3480,3751,3867,4323,4417,4453,4195,3997,4077,3604,3643,,,,,,,,,,,,,,,
Drug Equipment Violations Reported by Population,0,0,0,0,0,0,0,0,0,0,0,0,0,0,0,0,0,0,0,0,0,0,0,0,0,0,0,0,0,0,0,0,0,0,0,0,0,0,0,0,0,0,0,0,0,0,0,0,0,0,0,0,0,0,0,0,0,0,0,0,0,0,0,0,0,0,0,0,0,0,0,0,0,0,0,0,0,0,0,0,0,0,0,0,0,0,0,0,0,0,0,0,0,0,0,0,0,0,0,0,0,0,0,0,0,0,0,0,0,0,0,0,0,0,0,0,0,0,0,0,0,0,0,0,0,0,0,0,0,0,0,0,0,0,0,0,0,0,0,0,0,0,0,0,0,0,0,0,0,0,0,0,0,0,0,0,1,0,0,0,0,0,0,0,0,0,0,0,0,0,0,0,6,0,5,0,0,0,0,11,18,15,4,6,3,7,1,36,238,262,108,76,200,136,318,151,184,150,210,101,73,208,76,92,402,403,373,295,414,460,228,81,97,380,401,69,314,468,440,181,118,535,258,73,565,152,95,135,530,211,338,185,175,89,275,630,219,364,529,437,719,376,226,205,293,400,820,319,311,833,540,254,673,515,308,440,472,507,514,681,271,319,390,732,1093,477,1033,325,592,708,297,594,486,730,350,384,728,500,648,861,886,300,552,446,592,205,377,635,735,675,885,925,805,669,799,723,610,619,704,486,783,783,802,845,809,752,761,825,753,792,603,509,764,678,913,751,949,809,858,1004,912,865,886,888,1305,1115,1161,1172,1131,1066,902,1040,863,889,1000,924,1207,1160,1183,1091,1233,1160,1043,1083,1070,1177,935,871,1188,1045,1311,1141,1214,1233,1169,1146,1065,1121,956,948,1362,931,1225,1201,1278,1219,1285,1230,1214,1236,1182,1297,1681,1519,1749,1776,1508,1357,1178,1534,1506,1555,1569,1482,2925,3038,3345,3030,3177,3128,3114,3089,2950,2890,3082,2873,3138,3141,3736,3297,3271,3188,3210,3374,2882,2940,2633,2755,3207,2681,3249,2956,3123,2928,3148,3173,2996,2785,2639,2624,3056,3052,2478,1809,3239,2539,2532,2742,2766,2780,2378,2304,3099,2697,3624,3576,3199,2907,3117,2676,2524,2688,2509,2539,2459,2571,3051,2764,2623,2586,2680,2751,2459,2461,2289,2319,2625,2407,2683,2551,2650,2544,2443,2535,2509,2373,2327,2263,,,,,,,,,,,,,,,
Drug_Narcotic Violations Reported by Population,0,0,0,0,0,0,0,0,0,0,0,0,0,0,0,0,0,0,0,0,0,0,0,0,0,0,0,0,0,0,0,0,0,0,0,0,0,0,0,0,0,0,0,0,0,0,0,0,0,0,0,0,0,0,0,0,0,0,0,0,0,0,0,0,0,0,0,0,0,0,0,0,0,0,0,0,0,0,0,0,0,0,0,0,0,0,0,0,0,0,0,0,0,0,0,0,0,0,0,0,0,0,0,0,0,0,0,0,0,0,0,0,0,0,0,0,0,0,0,0,0,0,0,0,0,0,0,0,0,0,0,0,0,0,0,0,0,0,0,0,0,0,0,0,0,0,0,0,0,0,0,0,0,0,0,0,3,0,0,0,0,0,0,0,0,0,2,0,0,0,0,0,21,8,6,0,0,0,0,18,46,33,16,36,48,15,35,121,668,728,454,372,635,503,732,476,490,404,385,347,332,541,344,342,871,881,803,672,811,801,491,277,297,672,765,307,784,838,885,465,368,953,556,286,1041,513,409,495,1088,677,716,591,269,198,464,856,590,818,1059,893,1293,946,476,456,840,921,1420,897,865,1535,930,715,1403,1257,948,1023,1011,1149,1057,1368,711,759,879,1418,1922,1087,2048,1064,1265,1530,859,1409,1056,1505,937,880,1669,1131,1481,1651,1747,775,1307,1143,1288,613,810,1333,1639,1777,2045,1948,1789,1494,1823,1933,1514,1524,1543,1122,1831,1975,2066,2149,1768,1791,1772,1967,1778,1831,1511,1259,1734,1701,2226,1694,1952,1572,1782,2075,1804,1761,1899,1775,2528,2318,2441,2292,2285,2168,1864,2195,1972,1879,2028,1751,2425,2336,2597,2293,2363,2234,2113,2280,2109,2425,1938,1688,2381,2011,2593,2283,2164,2433,2138,2257,2093,2102,1780,1691,2436,1761,2350,2237,2365,2243,2342,2078,2222,2192,2020,2044,2989,2506,3133,3006,2600,2294,2116,2624,2419,2428,2443,2243,4748,5007,5403,4707,5010,4951,4724,4992,4686,4539,4654,4531,4980,5076,6010,5137,5108,5002,5163,5428,4656,4743,4250,4380,5097,4492,5217,4722,4865,4777,4781,5047,4860,4652,4274,4382,5067,4824,3951,2746,5063,4153,4147,4570,4440,4297,3793,3663,4849,4177,5957,5745,5120,4667,4818,4360,3989,4246,4033,4137,3909,4231,5114,4625,4242,4280,4302,4500,4205,4210,3946,3920,4334,4055,4534,4267,4455,4210,4103,4163,4074,3936,3722,3638,,,,,,,,,,,,,,,
Embezzlement Reported by Population,0,0,0,0,0,0,0,0,0,0,0,0,0,0,0,0,0,0,0,0,0,0,0,0,0,0,0,0,0,0,0,0,0,0,0,0,0,0,0,0,0,0,0,0,0,0,0,0,0,0,0,0,0,0,0,0,0,0,0,0,0,0,0,0,0,0,0,0,0,0,0,0,0,0,0,0,0,0,0,0,0,0,0,0,0,0,0,0,0,0,0,0,0,0,0,0,0,0,0,0,0,0,0,0,0,0,0,0,0,0,0,0,0,0,0,0,0,0,0,0,0,0,0,0,0,0,0,0,0,0,0,0,0,0,0,0,0,0,0,0,0,0,0,0,0,0,0,0,0,0,0,0,0,0,0,0,0,0,0,0,0,0,0,0,0,0,0,0,0,0,0,0,3,0,0,0,0,0,0,2,1,1,3,2,4,1,7,31,119,124,51,95,108,40,94,56,53,70,48,52,38,87,36,50,80,74,84,84,75,81,42,36,50,67,68,40,68,61,65,38,38,84,49,32,82,38,29,58,105,66,58,39,24,14,35,53,51,74,71,122,110,89,39,32,56,72,120,84,73,138,73,88,119,98,93,107,119,116,116,126,68,87,100,130,129,65,89,59,89,130,91,111,85,129,108,100,189,111,99,139,145,67,128,90,111,43,99,139,106,77,81,109,102,88,101,76,74,82,81,84,72,76,79,108,99,88,102,104,98,85,92,82,103,76,90,94,120,100,126,96,96,100,129,117,113,75,107,131,122,117,124,129,142,135,121,152,123,92,104,132,128,110,128,141,97,148,131,170,159,81,127,133,145,165,152,136,154,144,165,187,170,104,137,142,167,188,172,196,178,154,187,185,175,104,157,131,156,164,181,183,203,171,199,224,226,186,243,202,240,218,244,240,271,200,258,272,237,195,204,239,277,259,239,245,229,228,212,227,221,170,169,189,223,212,220,224,198,206,223,222,220,124,103,104,101,125,154,165,164,181,159,149,134,93,99,101,138,117,142,118,164,175,163,155,194,147,134,171,174,179,168,169,164,192,173,201,194,150,192,166,178,183,150,181,175,167,160,150,,,,,,,,,,,,,,,
Espionage Reported by Population,0,0,0,0,0,0,0,0,0,0,0,0,0,0,0,0,0,0,0,0,0,0,0,0,0,0,0,0,0,0,0,0,0,0,0,0,0,0,0,0,0,0,0,0,0,0,0,0,0,0,0,0,0,0,0,0,0,0,0,0,0,0,0,0,0,0,0,0,0,0,0,0,0,0,0,0,0,0,0,0,0,0,0,0,0,0,0,0,0,0,0,0,0,0,0,0,0,0,0,0,0,0,0,0,0,0,0,0,0,0,0,0,0,0,0,0,0,0,0,0,0,0,0,0,0,0,0,0,0,0,0,0,0,0,0,0,0,0,0,0,0,0,0,0,0,0,0,0,0,0,0,0,0,0,0,0,0,0,0,0,0,0,0,0,0,0,0,0,0,0,0,0,0,0,0,0,0,0,0,0,0,0,0,0,0,0,0,0,0,0,0,0,0,0,0,0,0,0,0,0,0,0,0,0,0,0,0,0,0,0,0,0,0,0,0,0,0,0,0,0,0,0,0,0,0,0,0,0,0,0,0,0,0,0,0,0,0,0,0,0,0,0,0,0,0,0,0,0,0,0,0,0,0,0,0,0,0,0,0,0,0,0,0,0,0,0,0,0,0,0,0,0,0,0,0,0,0,0,0,0,0,0,0,0,0,0,0,0,0,0,0,0,0,0,0,0,0,0,0,0,0,0,0,0,0,0,0,0,0,0,0,0,0,0,0,0,0,0,0,0,0,0,0,0,0,0,0,0,0,0,0,0,0,0,0,0,0,0,0,0,0,0,0,0,0,0,0,0,0,0,0,0,0,0,0,0,0,0,0,0,0,0,0,0,0,0,0,0,0,0,0,0,0,0,0,0,0,0,0,0,0,0,0,0,0,0,0,0,0,0,0,0,0,0,0,0,0,0,0,0,0,0,0,0,0,0,0,0,0,0,0,0,0,0,0,0,0,0,0,0,0,0,0,0,0,0,0,0,0,0,0,0,0,0,0,0,0,0,0,0,0,0,0,0,0,0,0,0,0,0,0,0,0,0,0,0,0,0,0,0,0,0,0,0,0,0,0,0,,,,,,,,,,,,,,,
Explosives Violation Reported by Population,0,0,0,0,0,0,0,0,0,0,0,0,0,0,0,0,0,0,0,0,0,0,0,0,0,0,0,0,0,0,0,0,0,0,0,0,0,0,0,0,0,0,0,0,0,0,0,0,0,0,0,0,0,0,0,0,0,0,0,0,0,0,0,0,0,0,0,0,0,0,0,0,0,0,0,0,0,0,0,0,0,0,0,0,0,0,0,0,0,0,0,0,0,0,0,0,0,0,0,0,0,0,0,0,0,0,0,0,0,0,0,0,0,0,0,0,0,0,0,0,0,0,0,0,0,0,0,0,0,0,0,0,0,0,0,0,0,0,0,0,0,0,0,0,0,0,0,0,0,0,0,0,0,0,0,0,0,0,0,0,0,0,0,0,0,0,0,0,0,0,0,0,0,0,0,0,0,0,0,0,0,0,0,0,0,0,0,0,0,0,0,0,0,0,0,0,0,0,0,0,0,0,0,0,0,0,0,0,0,0,0,0,0,0,0,0,0,0,0,0,0,0,0,0,0,0,0,0,0,0,0,0,0,0,0,0,0,0,0,0,0,0,0,0,0,0,0,0,0,0,0,0,0,0,0,0,0,0,0,0,0,0,0,0,0,0,0,0,0,0,0,0,0,0,0,0,0,0,0,0,0,0,0,0,0,0,0,0,0,0,0,0,0,0,0,0,0,0,0,0,0,0,0,0,0,0,0,0,0,0,0,0,0,0,0,0,0,0,0,0,0,0,0,0,0,0,0,0,0,0,0,0,0,0,0,0,0,0,0,0,0,0,0,0,0,0,0,0,0,0,0,0,0,0,0,0,0,0,0,0,0,0,0,0,0,0,0,0,0,0,0,0,0,0,0,0,0,0,0,0,0,0,0,0,0,0,0,0,0,0,0,0,0,0,0,0,0,0,0,0,0,0,0,0,0,0,0,0,0,0,0,0,0,0,0,0,0,0,0,0,0,0,0,0,0,0,0,0,0,0,0,0,0,0,0,0,0,0,0,0,0,0,0,0,0,0,0,0,0,0,0,0,0,0,0,0,0,0,0,0,0,0,0,0,0,0,0,0,,,,,,,,,,,,,,,
Export Violations Reported by Population,0,0,0,0,0,0,0,0,0,0,0,0,0,0,0,0,0,0,0,0,0,0,0,0,0,0,0,0,0,0,0,0,0,0,0,0,0,0,0,0,0,0,0,0,0,0,0,0,0,0,0,0,0,0,0,0,0,0,0,0,0,0,0,0,0,0,0,0,0,0,0,0,0,0,0,0,0,0,0,0,0,0,0,0,0,0,0,0,0,0,0,0,0,0,0,0,0,0,0,0,0,0,0,0,0,0,0,0,0,0,0,0,0,0,0,0,0,0,0,0,0,0,0,0,0,0,0,0,0,0,0,0,0,0,0,0,0,0,0,0,0,0,0,0,0,0,0,0,0,0,0,0,0,0,0,0,0,0,0,0,0,0,0,0,0,0,0,0,0,0,0,0,0,0,0,0,0,0,0,0,0,0,0,0,0,0,0,0,0,0,0,0,0,0,0,0,0,0,0,0,0,0,0,0,0,0,0,0,0,0,0,0,0,0,0,0,0,0,0,0,0,0,0,0,0,0,0,0,0,0,0,0,0,0,0,0,0,0,0,0,0,0,0,0,0,0,0,0,0,0,0,0,0,0,0,0,0,0,0,0,0,0,0,0,0,0,0,0,0,0,0,0,0,0,0,0,0,0,0,0,0,0,0,0,0,0,0,0,0,0,0,0,0,0,0,0,0,0,0,0,0,0,0,0,0,0,0,0,0,0,0,0,0,0,0,0,0,0,0,0,0,0,0,0,0,0,0,0,0,0,0,0,0,0,0,0,0,0,0,0,0,0,0,0,0,0,0,0,0,0,0,0,0,0,0,0,0,0,0,0,0,0,0,0,0,0,0,0,0,0,0,0,0,0,0,0,0,0,0,0,0,0,0,0,0,0,0,0,0,0,0,0,0,0,0,0,0,0,0,0,0,0,0,0,0,0,0,0,0,0,0,0,0,0,0,0,0,0,0,0,0,0,0,0,0,0,0,0,0,0,0,0,0,0,0,0,0,0,0,0,0,0,0,0,0,0,0,0,0,0,0,0,0,0,0,0,0,0,0,0,0,0,0,0,0,0,0,0,,,,,,,,,,,,,,,
Extortion_Blackmail Reported by Population,0,0,0,0,0,0,0,0,0,0,0,0,0,0,0,0,0,0,0,0,0,0,0,0,0,0,0,0,0,0,0,0,0,0,0,0,0,0,0,0,0,0,0,0,0,0,0,0,0,0,0,0,0,0,0,0,0,0,0,0,0,0,0,0,0,0,0,0,0,0,0,0,0,0,0,0,0,0,0,0,0,0,0,0,0,0,0,0,0,0,0,0,0,0,0,0,0,0,0,0,0,0,0,0,0,0,0,0,0,0,0,0,0,0,0,0,0,0,0,0,0,0,0,0,0,0,0,0,0,0,0,0,0,0,0,0,0,0,0,0,0,0,0,0,0,0,0,0,0,0,0,0,0,0,0,0,0,0,0,0,0,0,0,0,0,0,0,0,0,0,0,0,0,0,0,0,0,0,0,0,0,0,0,0,0,0,0,1,5,3,2,1,0,7,6,1,1,2,1,1,0,1,1,2,3,2,2,2,2,3,3,2,3,5,5,1,3,0,3,1,0,0,2,1,6,1,0,1,6,0,5,0,0,0,1,1,2,3,3,2,4,1,1,0,2,1,2,1,1,5,1,2,3,3,0,1,2,2,0,7,0,2,0,4,5,5,2,0,2,3,7,3,4,3,2,2,2,5,4,5,3,3,5,2,9,2,2,3,2,4,3,6,3,4,2,4,7,8,5,2,3,4,3,3,1,3,6,7,4,4,3,4,7,4,4,2,4,6,3,5,4,2,2,1,2,3,0,8,2,6,5,8,5,4,5,4,6,6,6,0,6,4,3,8,9,6,3,11,5,3,6,8,3,4,6,7,7,9,4,8,10,6,6,3,7,3,10,7,10,8,15,4,10,13,22,23,14,9,20,18,12,13,9,10,29,22,20,19,28,29,22,24,26,26,18,33,30,34,32,39,30,25,44,32,37,38,41,39,21,35,24,36,44,37,25,36,35,29,28,28,34,41,24,79,47,37,41,52,54,52,32,39,61,47,56,47,54,58,43,35,61,48,53,65,59,60,78,75,76,86,82,89,78,90,69,87,87,70,112,86,78,99,91,102,93,77,61,68,,,,,,,,,,,,,,,
Failure to Register as a Sex Offender Reported by Population,0,0,0,0,0,0,0,0,0,0,0,0,0,0,0,0,0,0,0,0,0,0,0,0,0,0,0,0,0,0,0,0,0,0,0,0,0,0,0,0,0,0,0,0,0,0,0,0,0,0,0,0,0,0,0,0,0,0,0,0,0,0,0,0,0,0,0,0,0,0,0,0,0,0,0,0,0,0,0,0,0,0,0,0,0,0,0,0,0,0,0,0,0,0,0,0,0,0,0,0,0,0,0,0,0,0,0,0,0,0,0,0,0,0,0,0,0,0,0,0,0,0,0,0,0,0,0,0,0,0,0,0,0,0,0,0,0,0,0,0,0,0,0,0,0,0,0,0,0,0,0,0,0,0,0,0,0,0,0,0,0,0,0,0,0,0,0,0,0,0,0,0,0,0,0,0,0,0,0,0,0,0,0,0,0,0,0,0,0,0,0,0,0,0,0,0,0,0,0,0,0,0,0,0,0,0,0,0,0,0,0,0,0,0,0,0,0,0,0,0,0,0,0,0,0,0,0,0,0,0,0,0,0,0,0,0,0,0,0,0,0,0,0,0,0,0,0,0,0,0,0,0,0,0,0,0,0,0,0,0,0,0,0,0,0,0,0,0,0,0,0,0,0,0,0,0,0,0,0,0,0,0,0,0,0,0,0,0,0,0,0,0,0,0,0,0,0,0,0,0,0,0,0,0,0,0,0,0,0,0,0,0,0,0,0,0,0,0,0,0,0,0,0,0,0,0,0,0,0,0,0,0,0,0,0,0,0,0,0,0,0,0,0,0,0,0,0,0,0,0,0,0,0,0,0,0,0,0,0,0,0,0,0,0,0,0,0,0,0,0,0,0,0,0,0,0,0,0,0,0,0,0,0,0,0,0,0,0,0,0,0,0,0,0,0,0,0,0,0,0,0,0,0,0,0,0,0,0,0,0,0,0,0,0,0,0,0,0,0,0,0,0,0,0,0,0,0,0,0,0,0,0,0,0,0,0,0,0,0,0,0,0,0,0,0,0,0,0,0,0,0,0,0,0,0,0,0,0,0,0,0,0,0,0,0,0,0,0,,,,,,,,,,,,,,,
False Citizenship Reported by Population,0,0,0,0,0,0,0,0,0,0,0,0,0,0,0,0,0,0,0,0,0,0,0,0,0,0,0,0,0,0,0,0,0,0,0,0,0,0,0,0,0,0,0,0,0,0,0,0,0,0,0,0,0,0,0,0,0,0,0,0,0,0,0,0,0,0,0,0,0,0,0,0,0,0,0,0,0,0,0,0,0,0,0,0,0,0,0,0,0,0,0,0,0,0,0,0,0,0,0,0,0,0,0,0,0,0,0,0,0,0,0,0,0,0,0,0,0,0,0,0,0,0,0,0,0,0,0,0,0,0,0,0,0,0,0,0,0,0,0,0,0,0,0,0,0,0,0,0,0,0,0,0,0,0,0,0,0,0,0,0,0,0,0,0,0,0,0,0,0,0,0,0,0,0,0,0,0,0,0,0,0,0,0,0,0,0,0,0,0,0,0,0,0,0,0,0,0,0,0,0,0,0,0,0,0,0,0,0,0,0,0,0,0,0,0,0,0,0,0,0,0,0,0,0,0,0,0,0,0,0,0,0,0,0,0,0,0,0,0,0,0,0,0,0,0,0,0,0,0,0,0,0,0,0,0,0,0,0,0,0,0,0,0,0,0,0,0,0,0,0,0,0,0,0,0,0,0,0,0,0,0,0,0,0,0,0,0,0,0,0,0,0,0,0,0,0,0,0,0,0,0,0,0,0,0,0,0,0,0,0,0,0,0,0,0,0,0,0,0,0,0,0,0,0,0,0,0,0,0,0,0,0,0,0,0,0,0,0,0,0,0,0,0,0,0,0,0,0,0,0,0,0,0,0,0,0,0,0,0,0,0,0,0,0,0,0,0,0,0,0,0,0,0,0,0,0,0,0,0,0,0,0,0,0,0,0,0,0,0,0,0,0,0,0,0,0,0,0,0,0,0,0,0,0,0,0,0,0,0,0,0,0,0,0,0,0,0,0,0,0,0,0,0,0,0,0,0,0,0,0,0,0,0,0,0,0,0,0,0,0,0,0,0,0,0,0,0,0,0,0,0,0,0,0,0,0,0,0,0,0,0,0,0,0,0,0,0,0,,,,,,,,,,,,,,,
False Pretenses_Swindle_Confidence Game Reported by Population,0,0,0,0,0,0,0,0,0,0,0,0,0,0,0,0,0,0,0,0,0,0,0,0,0,0,0,0,0,0,0,0,0,0,0,0,0,0,0,0,0,0,0,0,0,0,0,0,0,0,0,0,0,0,0,0,0,0,0,0,0,0,0,0,0,0,0,0,0,0,0,0,0,0,0,0,0,0,0,0,0,0,0,0,0,0,0,0,0,0,0,0,0,0,0,0,0,0,0,0,0,0,0,0,0,0,0,0,0,0,0,0,0,0,0,0,0,0,0,0,0,0,0,0,0,0,0,0,0,0,0,0,0,0,0,0,0,0,0,0,0,0,0,0,0,0,0,0,0,0,0,0,0,0,0,0,0,0,0,0,0,0,0,0,0,0,1,0,0,0,0,0,10,1,3,0,0,0,0,3,13,2,6,3,6,1,19,109,280,297,199,244,344,232,373,239,276,271,148,230,178,283,190,283,404,335,318,307,356,372,301,212,192,289,290,214,397,259,310,182,201,276,201,165,307,207,151,267,414,258,260,238,73,50,100,197,196,231,304,268,314,225,152,125,236,271,370,355,365,392,212,196,273,189,173,158,204,206,199,217,148,160,139,234,303,129,253,133,213,211,129,200,128,237,199,111,341,167,239,348,330,210,209,168,263,133,162,317,359,284,283,313,340,351,320,356,279,357,297,223,305,303,346,358,355,392,392,395,371,421,295,256,359,290,345,274,391,390,452,482,421,349,378,340,431,347,343,407,410,421,439,399,399,396,324,341,459,376,443,350,445,467,452,477,416,485,468,419,644,493,618,593,599,658,715,504,581,633,501,599,718,458,557,588,603,599,723,645,685,595,548,659,805,573,676,712,742,601,670,762,705,717,765,802,1159,1082,1148,1037,1112,1113,1129,1101,1068,1077,1005,958,1043,971,1055,1126,1098,1124,1131,1149,1056,1133,1064,1071,1225,1018,1165,1157,1181,1180,1213,1254,1091,1075,946,1056,1175,1079,885,853,968,1057,1145,1176,1128,1189,1075,1137,1200,1011,1162,1030,1097,1062,1097,1027,1073,1140,1096,1075,1121,1019,1174,1086,1052,1122,1060,1208,1250,1094,1077,1081,1272,1079,1227,1162,1303,1222,1217,1221,1180,1157,1095,1067,,,,,,,,,,,,,,,
Federal Liquor Offenses Reported by Population,0,0,0,0,0,0,0,0,0,0,0,0,0,0,0,0,0,0,0,0,0,0,0,0,0,0,0,0,0,0,0,0,0,0,0,0,0,0,0,0,0,0,0,0,0,0,0,0,0,0,0,0,0,0,0,0,0,0,0,0,0,0,0,0,0,0,0,0,0,0,0,0,0,0,0,0,0,0,0,0,0,0,0,0,0,0,0,0,0,0,0,0,0,0,0,0,0,0,0,0,0,0,0,0,0,0,0,0,0,0,0,0,0,0,0,0,0,0,0,0,0,0,0,0,0,0,0,0,0,0,0,0,0,0,0,0,0,0,0,0,0,0,0,0,0,0,0,0,0,0,0,0,0,0,0,0,0,0,0,0,0,0,0,0,0,0,0,0,0,0,0,0,0,0,0,0,0,0,0,0,0,0,0,0,0,0,0,0,0,0,0,0,0,0,0,0,0,0,0,0,0,0,0,0,0,0,0,0,0,0,0,0,0,0,0,0,0,0,0,0,0,0,0,0,0,0,0,0,0,0,0,0,0,0,0,0,0,0,0,0,0,0,0,0,0,0,0,0,0,0,0,0,0,0,0,0,0,0,0,0,0,0,0,0,0,0,0,0,0,0,0,0,0,0,0,0,0,0,0,0,0,0,0,0,0,0,0,0,0,0,0,0,0,0,0,0,0,0,0,0,0,0,0,0,0,0,0,0,0,0,0,0,0,0,0,0,0,0,0,0,0,0,0,0,0,0,0,0,0,0,0,0,0,0,0,0,0,0,0,0,0,0,0,0,0,0,0,0,0,0,0,0,0,0,0,0,0,0,0,0,0,0,0,0,0,0,0,0,0,0,0,0,0,0,0,0,0,0,0,0,0,0,0,0,0,0,0,0,0,0,0,0,0,0,0,0,0,0,0,0,0,0,0,0,0,0,0,0,0,0,0,0,0,0,0,0,0,0,0,0,0,0,0,0,0,0,0,0,0,0,0,0,0,0,0,0,0,0,0,0,0,0,0,0,0,0,0,0,0,0,0,0,0,0,0,0,0,0,0,0,0,0,0,0,0,0,0,0,,,,,,,,,,,,,,,
Federal Tobacco Offenses Reported by Population,0,0,0,0,0,0,0,0,0,0,0,0,0,0,0,0,0,0,0,0,0,0,0,0,0,0,0,0,0,0,0,0,0,0,0,0,0,0,0,0,0,0,0,0,0,0,0,0,0,0,0,0,0,0,0,0,0,0,0,0,0,0,0,0,0,0,0,0,0,0,0,0,0,0,0,0,0,0,0,0,0,0,0,0,0,0,0,0,0,0,0,0,0,0,0,0,0,0,0,0,0,0,0,0,0,0,0,0,0,0,0,0,0,0,0,0,0,0,0,0,0,0,0,0,0,0,0,0,0,0,0,0,0,0,0,0,0,0,0,0,0,0,0,0,0,0,0,0,0,0,0,0,0,0,0,0,0,0,0,0,0,0,0,0,0,0,0,0,0,0,0,0,0,0,0,0,0,0,0,0,0,0,0,0,0,0,0,0,0,0,0,0,0,0,0,0,0,0,0,0,0,0,0,0,0,0,0,0,0,0,0,0,0,0,0,0,0,0,0,0,0,0,0,0,0,0,0,0,0,0,0,0,0,0,0,0,0,0,0,0,0,0,0,0,0,0,0,0,0,0,0,0,0,0,0,0,0,0,0,0,0,0,0,0,0,0,0,0,0,0,0,0,0,0,0,0,0,0,0,0,0,0,0,0,0,0,0,0,0,0,0,0,0,0,0,0,0,0,0,0,0,0,0,0,0,0,0,0,0,0,0,0,0,0,0,0,0,0,0,0,0,0,0,0,0,0,0,0,0,0,0,0,0,0,0,0,0,0,0,0,0,0,0,0,0,0,0,0,0,0,0,0,0,0,0,0,0,0,0,0,0,0,0,0,0,0,0,0,0,0,0,0,0,0,0,0,0,0,0,0,0,0,0,0,0,0,0,0,0,0,0,0,0,0,0,0,0,0,0,0,0,0,0,0,0,0,0,0,0,0,0,0,0,0,0,0,0,0,0,0,0,0,0,0,0,0,0,0,0,0,0,0,0,0,0,0,0,0,0,0,0,0,0,0,0,0,0,0,0,0,0,0,0,0,0,0,0,0,0,0,0,0,0,0,0,0,0,0,,,,,,,,,,,,,,,
Flight to Avoid Deportation Reported by Population,0,0,0,0,0,0,0,0,0,0,0,0,0,0,0,0,0,0,0,0,0,0,0,0,0,0,0,0,0,0,0,0,0,0,0,0,0,0,0,0,0,0,0,0,0,0,0,0,0,0,0,0,0,0,0,0,0,0,0,0,0,0,0,0,0,0,0,0,0,0,0,0,0,0,0,0,0,0,0,0,0,0,0,0,0,0,0,0,0,0,0,0,0,0,0,0,0,0,0,0,0,0,0,0,0,0,0,0,0,0,0,0,0,0,0,0,0,0,0,0,0,0,0,0,0,0,0,0,0,0,0,0,0,0,0,0,0,0,0,0,0,0,0,0,0,0,0,0,0,0,0,0,0,0,0,0,0,0,0,0,0,0,0,0,0,0,0,0,0,0,0,0,0,0,0,0,0,0,0,0,0,0,0,0,0,0,0,0,0,0,0,0,0,0,0,0,0,0,0,0,0,0,0,0,0,0,0,0,0,0,0,0,0,0,0,0,0,0,0,0,0,0,0,0,0,0,0,0,0,0,0,0,0,0,0,0,0,0,0,0,0,0,0,0,0,0,0,0,0,0,0,0,0,0,0,0,0,0,0,0,0,0,0,0,0,0,0,0,0,0,0,0,0,0,0,0,0,0,0,0,0,0,0,0,0,0,0,0,0,0,0,0,0,0,0,0,0,0,0,0,0,0,0,0,0,0,0,0,0,0,0,0,0,0,0,0,0,0,0,0,0,0,0,0,0,0,0,0,0,0,0,0,0,0,0,0,0,0,0,0,0,0,0,0,0,0,0,0,0,0,0,0,0,0,0,0,0,0,0,0,0,0,0,0,0,0,0,0,0,0,0,0,0,0,0,0,0,0,0,0,0,0,0,0,0,0,0,0,0,0,0,0,0,0,0,0,0,0,0,0,0,0,0,0,0,0,0,0,0,0,0,0,0,0,0,0,0,0,0,0,0,0,0,0,0,0,0,0,0,0,0,0,0,0,0,0,0,0,0,0,0,0,0,0,0,0,0,0,0,0,0,0,0,0,0,0,0,0,0,0,0,0,0,0,0,0,0,0,,,,,,,,,,,,,,,
Flight to Avoid Prosecution Reported by Population,0,0,0,0,0,0,0,0,0,0,0,0,0,0,0,0,0,0,0,0,0,0,0,0,0,0,0,0,0,0,0,0,0,0,0,0,0,0,0,0,0,0,0,0,0,0,0,0,0,0,0,0,0,0,0,0,0,0,0,0,0,0,0,0,0,0,0,0,0,0,0,0,0,0,0,0,0,0,0,0,0,0,0,0,0,0,0,0,0,0,0,0,0,0,0,0,0,0,0,0,0,0,0,0,0,0,0,0,0,0,0,0,0,0,0,0,0,0,0,0,0,0,0,0,0,0,0,0,0,0,0,0,0,0,0,0,0,0,0,0,0,0,0,0,0,0,0,0,0,0,0,0,0,0,0,0,0,0,0,0,0,0,0,0,0,0,0,0,0,0,0,0,0,0,0,0,0,0,0,0,0,0,0,0,0,0,0,0,0,0,0,0,0,0,0,0,0,0,0,0,0,0,0,0,0,0,0,0,0,0,0,0,0,0,0,0,0,0,0,0,0,0,0,0,0,0,0,0,0,0,0,0,0,0,0,0,0,0,0,0,0,0,0,0,0,0,0,0,0,0,0,0,0,0,0,0,0,0,0,0,0,0,0,0,0,0,0,0,0,0,0,0,0,0,0,0,0,0,0,0,0,0,0,0,0,0,0,0,0,0,0,0,0,0,0,0,0,0,0,0,0,0,0,0,0,0,0,0,0,0,0,0,0,0,0,0,0,0,0,0,0,0,0,0,0,0,0,0,0,0,0,0,0,0,0,0,0,0,0,0,0,0,0,0,0,0,0,0,0,0,0,0,0,0,0,0,0,0,0,0,0,0,0,0,0,0,0,0,0,0,0,0,0,0,0,0,0,0,0,0,0,0,0,0,0,0,0,0,0,0,0,0,0,0,0,0,0,0,0,0,0,0,0,0,0,0,0,0,0,0,0,0,0,0,0,0,0,0,0,0,0,0,0,0,0,0,0,0,0,0,0,0,0,0,0,0,0,0,0,0,0,0,0,0,0,0,0,0,0,0,0,0,0,0,0,0,0,0,0,0,0,0,0,0,0,0,0,0,,,,,,,,,,,,,,,
Gambling Equipment Violation Reported by Population,0,0,0,0,0,0,0,0,0,0,0,0,0,0,0,0,0,0,0,0,0,0,0,0,0,0,0,0,0,0,0,0,0,0,0,0,0,0,0,0,0,0,0,0,0,0,0,0,0,0,0,0,0,0,0,0,0,0,0,0,0,0,0,0,0,0,0,0,0,0,0,0,0,0,0,0,0,0,0,0,0,0,0,0,0,0,0,0,0,0,0,0,0,0,0,0,0,0,0,0,0,0,0,0,0,0,0,0,0,0,0,0,0,0,0,0,0,0,0,0,0,0,0,0,0,0,0,0,0,0,0,0,0,0,0,0,0,0,0,0,0,0,0,0,0,0,0,0,0,0,0,0,0,0,0,0,0,0,0,0,0,0,0,0,0,0,0,0,0,0,0,0,0,0,0,0,0,0,0,0,0,0,0,0,0,0,1,1,13,10,1,0,7,1,8,2,0,3,5,2,1,8,1,1,12,22,15,16,14,10,2,2,2,17,23,2,16,7,11,0,1,17,8,4,23,6,2,0,20,6,6,3,2,2,2,10,7,9,10,14,13,4,1,2,5,6,15,5,13,13,17,2,12,8,9,4,11,10,7,9,6,1,2,15,9,3,11,3,8,16,4,6,2,3,5,2,14,7,17,12,10,4,5,7,13,3,5,7,5,5,11,16,12,15,15,18,17,18,20,6,10,17,10,15,15,15,14,13,6,10,12,6,8,8,10,8,12,6,8,9,12,7,7,6,11,3,18,9,13,8,5,4,6,7,7,1,15,10,12,11,5,10,5,5,16,13,13,5,8,7,16,6,7,8,8,6,3,6,5,4,4,5,6,8,6,3,6,5,4,4,7,6,5,6,16,4,4,5,4,14,4,6,11,2,4,5,1,1,5,4,4,3,4,4,1,3,6,2,6,2,4,1,2,3,3,3,2,1,4,2,1,2,0,0,2,2,0,5,5,0,3,2,0,3,0,1,0,0,0,0,0,1,0,1,1,1,1,1,1,3,0,0,0,0,1,0,0,0,3,1,3,2,3,4,2,1,0,0,5,1,2,0,0,2,3,1,1,1,,,,,,,,,,,,,,,
Hacking_Computer Invasion Reported by Population,0,0,0,0,0,0,0,0,0,0,0,0,0,0,0,0,0,0,0,0,0,0,0,0,0,0,0,0,0,0,0,0,0,0,0,0,0,0,0,0,0,0,0,0,0,0,0,0,0,0,0,0,0,0,0,0,0,0,0,0,0,0,0,0,0,0,0,0,0,0,0,0,0,0,0,0,0,0,0,0,0,0,0,0,0,0,0,0,0,0,0,0,0,0,0,0,0,0,0,0,0,0,0,0,0,0,0,0,0,0,0,0,0,0,0,0,0,0,0,0,0,0,0,0,0,0,0,0,0,0,0,0,0,0,0,0,0,0,0,0,0,0,0,0,0,0,0,0,0,0,0,0,0,0,0,0,0,0,0,0,0,0,0,0,0,0,0,0,0,0,0,0,0,0,0,0,0,0,0,0,0,0,0,0,0,0,0,0,0,0,0,0,0,0,0,0,0,0,0,0,0,0,0,0,0,0,0,0,0,0,0,0,0,0,0,0,0,0,0,0,0,0,0,0,0,0,0,0,0,0,0,0,0,0,0,0,0,0,0,0,0,0,0,0,0,0,0,0,0,0,0,0,0,0,0,0,0,0,0,0,0,0,0,0,1,0,0,0,0,0,0,0,0,0,0,0,0,0,0,0,0,0,0,0,0,0,0,0,0,0,0,0,0,0,0,0,0,0,0,0,0,0,0,0,0,0,0,0,0,0,0,0,0,0,0,0,0,0,0,0,0,0,0,0,0,0,0,0,0,0,0,0,0,0,0,0,0,0,0,0,1,0,0,0,0,0,0,0,1,0,0,0,0,0,0,0,0,0,0,0,1,0,0,0,0,0,0,0,1,0,0,0,0,0,1,1,0,0,0,1,3,4,8,5,7,8,7,4,7,9,2,5,6,8,6,4,5,5,5,10,3,10,6,12,16,10,5,7,15,10,10,8,9,6,6,11,9,15,6,10,12,5,12,19,10,10,6,13,17,15,11,16,19,13,6,12,14,20,11,19,15,13,15,14,14,17,16,14,12,12,12,18,12,15,16,16,11,17,21,16,24,22,18,17,26,9,15,16,,,,,,,,,,,,,,,
Harboring Escapee_Concealing from Arrest Reported by Population,0,0,0,0,0,0,0,0,0,0,0,0,0,0,0,0,0,0,0,0,0,0,0,0,0,0,0,0,0,0,0,0,0,0,0,0,0,0,0,0,0,0,0,0,0,0,0,0,0,0,0,0,0,0,0,0,0,0,0,0,0,0,0,0,0,0,0,0,0,0,0,0,0,0,0,0,0,0,0,0,0,0,0,0,0,0,0,0,0,0,0,0,0,0,0,0,0,0,0,0,0,0,0,0,0,0,0,0,0,0,0,0,0,0,0,0,0,0,0,0,0,0,0,0,0,0,0,0,0,0,0,0,0,0,0,0,0,0,0,0,0,0,0,0,0,0,0,0,0,0,0,0,0,0,0,0,0,0,0,0,0,0,0,0,0,0,0,0,0,0,0,0,0,0,0,0,0,0,0,0,0,0,0,0,0,0,0,0,0,0,0,0,0,0,0,0,0,0,0,0,0,0,0,0,0,0,0,0,0,0,0,0,0,0,0,0,0,0,0,0,0,0,0,0,0,0,0,0,0,0,0,0,0,0,0,0,0,0,0,0,0,0,0,0,0,0,0,0,0,0,0,0,0,0,0,0,0,0,0,0,0,0,0,0,0,0,0,0,0,0,0,0,0,0,0,0,0,0,0,0,0,0,0,0,0,0,0,0,0,0,0,0,0,0,0,0,0,0,0,0,0,0,0,0,0,0,0,0,0,0,0,0,0,0,0,0,0,0,0,0,0,0,0,0,0,0,0,0,0,0,0,0,0,0,0,0,0,0,0,0,0,0,0,0,0,0,0,0,0,0,0,0,0,0,0,0,0,0,0,0,0,0,0,0,0,0,0,0,0,0,0,0,0,0,0,0,0,0,0,0,0,0,0,0,0,0,0,0,0,0,0,0,0,0,0,0,0,0,0,0,0,0,0,0,0,0,0,0,0,0,0,0,0,0,0,0,0,0,0,0,0,0,0,0,0,0,0,0,0,0,0,0,0,0,0,0,0,0,0,0,0,0,0,0,0,0,0,0,0,0,0,0,0,0,0,0,0,0,0,0,0,0,0,0,0,0,0,0,,,,,,,,,,,,,,,
Homicide Reported by Population,26,23,48,27,31,32,45,36,24,30,34,31,27,37,40,45,49,24,43,40,44,36,30,38,28,35,27,21,22,37,27,34,30,39,45,57,33,21,36,37,52,42,36,39,36,25,31,34,23,29,34,29,31,22,39,30,42,32,27,32,30,26,36,38,43,36,52,42,45,34,29,42,40,34,37,43,36,46,48,37,42,32,35,43,39,26,49,33,28,31,39,36,47,36,37,56,45,26,29,36,42,33,49,47,35,39,40,35,36,28,40,39,23,44,34,34,41,25,36,41,54,24,37,39,31,34,45,43,43,42,34,48,36,25,32,30,38,36,31,41,29,43,32,35,37,37,31,36,39,42,33,34,36,39,29,46,45,31,36,39,41,32,35,26,25,43,32,35,33,31,29,25,36,33,43,48,27,33,26,26,39,24,30,26,29,39,34,35,36,41,47,40,31,26,25,40,36,40,39,37,27,51,36,31,28,34,39,32,34,42,36,44,45,25,39,27,32,22,36,23,33,32,49,41,41,34,21,33,28,19,24,27,45,26,32,35,32,25,30,33,23,33,38,35,39,40,54,38,27,37,38,29,35,20,40,52,44,50,33,34,28,34,26,23,38,21,37,26,26,41,48,29,38,39,27,35,34,33,45,30,33,43,40,32,23,26,33,40,32,38,41,37,36,32,55,44,45,40,35,33,30,20,33,31,34,26,39,26,40,31,26,23,26,29,30,32,35,32,38,39,31,36,25,27,33,27,30,38,30,26,37,39,42,39,32,27,28,20,29,34,33,26,32,33,25,21,24,29,29,32,37,38,25,28,37,35,35,27,23,22,31,28,30,28,29,27,32,44,46,42,35,46,40,42,37,35,38,41,49,33,46,44,36,54,42,32,41,45,45,52,53,47,43,38,50,47,46,29,30,35,47,52,53,40,53,48,37,48,42,31,39,62,37,49,52,33,48,52,42,57,44,27,48,55,56,64,65,72,57,64,62,88,72,63,41,52,65,66,44,48,73,73,55,58,56,44,50,60,56,57,53,62,49,57,47,62,61,49,73,47,56,66,77,51,57,62,58,58,,,,,,,,,,,,,,,
"Human Trafficking, Commercial Sex Acts Reported by Population",0,0,0,0,0,0,0,0,0,0,0,0,0,0,0,0,0,0,0,0,0,0,0,0,0,0,0,0,0,0,0,0,0,0,0,0,0,0,0,0,0,0,0,0,0,0,0,0,0,0,0,0,0,0,0,0,0,0,0,0,0,0,0,0,0,0,0,0,0,0,0,0,0,0,0,0,0,0,0,0,0,0,0,0,0,0,0,0,0,0,0,0,0,0,0,0,0,0,0,0,0,0,0,0,0,0,0,0,0,0,0,0,0,0,0,0,0,0,0,0,0,0,0,0,0,0,0,0,0,0,0,0,0,0,0,0,0,0,0,0,0,0,0,0,0,0,0,0,0,0,0,0,0,0,0,0,0,0,0,0,0,0,0,0,0,0,0,0,0,0,0,0,0,0,0,0,0,0,0,0,0,0,0,0,0,0,0,0,0,0,0,0,0,0,0,0,0,0,0,0,0,0,0,0,0,0,0,0,0,0,0,0,0,0,0,0,0,0,0,0,0,0,0,0,0,0,0,0,0,0,0,0,0,0,0,0,0,0,0,0,0,0,0,0,0,0,0,0,0,0,0,0,0,0,0,0,0,0,0,0,0,0,0,0,0,0,0,0,0,0,0,0,0,0,0,0,0,0,0,0,0,0,0,0,0,0,0,0,0,0,0,0,0,0,0,0,0,0,0,0,0,0,0,0,0,0,0,0,0,0,0,0,0,0,0,0,0,0,0,0,0,0,0,0,0,0,0,0,0,0,0,0,0,0,0,0,0,1,0,1,1,0,1,2,0,0,0,2,1,2,3,2,2,4,0,3,4,6,4,0,9,2,5,2,1,3,2,0,3,3,1,3,7,3,2,3,6,10,6,12,1,0,2,3,11,6,4,3,0,6,20,17,3,28,5,3,5,0,5,2,3,1,6,3,4,0,3,2,6,9,3,3,8,7,3,6,2,3,5,1,5,1,5,1,1,4,5,2,10,6,1,4,2,6,22,4,3,16,11,15,7,30,1,4,10,13,7,6,1,12,13,3,6,6,4,4,5,5,0,6,11,15,9,9,2,12,10,6,,,,,,,,,,,,,,,
"Human Trafficking, Involuntary Servitude Reported by Population",0,0,0,0,0,0,0,0,0,0,0,0,0,0,0,0,0,0,0,0,0,0,0,0,0,0,0,0,0,0,0,0,0,0,0,0,0,0,0,0,0,0,0,0,0,0,0,0,0,0,0,0,0,0,0,0,0,0,0,0,0,0,0,0,0,0,0,0,0,0,0,0,0,0,0,0,0,0,0,0,0,0,0,0,0,0,0,0,0,0,0,0,0,0,0,0,0,0,0,0,0,0,0,0,0,0,0,0,0,0,0,0,0,0,0,0,0,0,0,0,0,0,0,0,0,0,0,0,0,0,0,0,0,0,0,0,0,0,0,0,0,0,0,0,0,0,0,0,0,0,0,0,0,0,0,0,0,0,0,0,0,0,0,0,0,0,0,0,0,0,0,0,0,0,0,0,0,0,0,0,0,0,0,0,0,0,0,0,0,0,0,0,0,0,0,0,0,0,0,0,0,0,0,0,0,0,0,0,0,0,0,0,0,0,0,0,0,0,0,0,0,0,0,0,0,0,0,0,0,0,0,0,0,0,0,0,0,0,0,0,0,0,0,0,0,0,0,0,0,0,0,0,0,0,0,0,0,0,0,0,0,0,0,0,0,0,0,0,0,0,0,0,0,0,0,0,0,0,0,0,0,0,0,0,0,0,0,0,0,0,0,0,0,0,0,0,0,0,0,0,0,0,0,0,0,0,0,0,0,0,0,0,0,0,0,0,0,0,0,0,0,0,0,0,0,0,0,0,0,0,0,0,0,0,0,0,0,0,0,1,0,0,0,0,0,2,0,0,0,0,0,0,0,1,0,0,0,0,0,0,0,0,0,0,1,0,0,1,0,0,0,0,0,0,0,0,0,0,0,0,0,0,0,0,1,0,3,0,0,0,0,0,0,0,0,0,0,1,0,2,0,0,0,0,0,0,0,0,0,1,1,1,1,0,0,0,0,0,0,0,0,1,0,0,0,1,0,0,1,1,2,0,0,1,0,0,0,1,0,0,0,0,1,0,0,0,1,1,0,2,0,1,0,1,0,0,0,1,0,0,0,0,2,1,0,1,0,0,,,,,,,,,,,,,,,
Identity Theft Reported by Population,0,0,0,0,0,0,0,0,0,0,0,0,0,0,0,0,0,0,0,0,0,0,0,0,0,0,0,0,0,0,0,0,0,0,0,0,0,0,0,0,0,0,0,0,0,0,0,0,0,0,0,0,0,0,0,0,0,0,0,0,0,0,0,0,0,0,0,0,0,0,0,0,0,0,0,0,0,0,0,0,0,0,0,0,0,0,0,0,0,0,0,0,0,0,0,0,0,0,0,0,0,0,0,0,0,0,0,0,0,0,0,0,0,0,0,0,0,0,0,0,0,0,0,0,0,0,0,0,0,0,0,0,0,0,0,0,0,0,0,0,0,0,0,0,0,0,0,0,0,0,0,0,0,0,0,0,0,0,0,0,0,0,0,0,0,0,0,0,0,0,0,0,0,0,0,0,0,0,0,0,0,0,0,0,0,0,0,0,0,0,0,0,1,0,1,0,0,0,0,1,0,0,0,0,0,0,0,0,0,0,0,0,0,0,1,0,0,0,0,0,0,0,0,0,0,0,0,0,0,0,0,0,0,0,0,0,0,0,0,1,0,1,0,0,1,0,0,0,0,1,0,1,0,0,0,0,1,0,0,1,0,0,0,0,0,0,0,1,1,0,0,0,0,1,0,0,2,1,0,0,2,0,1,2,0,0,1,1,3,0,0,0,0,0,0,4,0,1,0,1,4,1,3,1,0,3,1,2,2,1,2,1,7,0,0,1,2,0,1,3,1,2,0,3,3,3,1,2,3,3,3,1,1,1,5,4,8,6,3,1,2,2,3,1,5,6,5,4,8,9,4,2,4,6,2,3,3,2,11,5,22,12,9,7,12,7,6,3,11,11,8,14,28,24,21,26,20,29,40,83,140,157,143,172,110,116,159,118,115,108,92,90,94,92,80,66,153,150,143,157,136,91,75,85,69,87,80,58,111,69,91,75,90,78,68,74,59,79,56,66,66,57,41,19,32,34,43,34,38,33,49,38,43,35,51,31,33,34,32,49,40,50,27,32,53,48,50,51,47,40,50,54,60,35,51,48,53,46,56,50,45,29,30,39,34,39,28,42,,,,,,,,,,,,,,,
Illegal Entry into the United States Reported by Population,0,0,0,0,0,0,0,0,0,0,0,0,0,0,0,0,0,0,0,0,0,0,0,0,0,0,0,0,0,0,0,0,0,0,0,0,0,0,0,0,0,0,0,0,0,0,0,0,0,0,0,0,0,0,0,0,0,0,0,0,0,0,0,0,0,0,0,0,0,0,0,0,0,0,0,0,0,0,0,0,0,0,0,0,0,0,0,0,0,0,0,0,0,0,0,0,0,0,0,0,0,0,0,0,0,0,0,0,0,0,0,0,0,0,0,0,0,0,0,0,0,0,0,0,0,0,0,0,0,0,0,0,0,0,0,0,0,0,0,0,0,0,0,0,0,0,0,0,0,0,0,0,0,0,0,0,0,0,0,0,0,0,0,0,0,0,0,0,0,0,0,0,0,0,0,0,0,0,0,0,0,0,0,0,0,0,0,0,0,0,0,0,0,0,0,0,0,0,0,0,0,0,0,0,0,0,0,0,0,0,0,0,0,0,0,0,0,0,0,0,0,0,0,0,0,0,0,0,0,0,0,0,0,0,0,0,0,0,0,0,0,0,0,0,0,0,0,0,0,0,0,0,0,0,0,0,0,0,0,0,0,0,0,0,0,0,0,0,0,0,0,0,0,0,0,0,0,0,0,0,0,0,0,0,0,0,0,0,0,0,0,0,0,0,0,0,0,0,0,0,0,0,0,0,0,0,0,0,0,0,0,0,0,0,0,0,0,0,0,0,0,0,0,0,0,0,0,0,0,0,0,0,0,0,0,0,0,0,0,0,0,0,0,0,0,0,0,0,0,0,0,0,0,0,0,0,0,0,0,0,0,0,0,0,0,0,0,0,0,0,0,0,0,0,0,0,0,0,0,0,0,0,0,0,0,0,0,0,0,0,0,0,0,0,0,0,0,0,0,0,0,0,0,0,0,0,0,0,0,0,0,0,0,0,0,0,0,0,0,0,0,0,0,0,0,0,0,0,0,0,0,0,0,0,0,0,0,0,0,0,0,0,0,0,0,0,0,0,0,0,0,0,0,0,0,0,0,0,0,0,0,0,0,0,0,0,0,0,,,,,,,,,,,,,,,
Impersonation Reported by Population,0,0,0,0,0,0,0,0,0,0,0,0,0,0,0,0,0,0,0,0,0,0,0,0,0,0,0,0,0,0,0,0,0,0,0,0,0,0,0,0,0,0,0,0,0,0,0,0,0,0,0,0,0,0,0,0,0,0,0,0,0,0,0,0,0,0,0,0,0,0,0,0,0,0,0,0,0,0,0,0,0,0,0,0,0,0,0,0,0,0,0,0,0,0,0,0,0,0,0,0,0,0,0,0,0,0,0,0,0,0,0,0,0,0,0,0,0,0,0,0,0,0,0,0,0,0,0,0,0,0,0,0,0,0,0,0,0,0,0,0,0,0,0,0,0,0,0,0,0,0,0,0,0,0,0,0,1,0,0,0,0,0,0,0,0,0,0,0,0,0,0,0,5,0,1,0,0,0,0,1,4,1,4,8,1,6,4,13,54,55,25,7,57,14,78,14,12,14,44,9,9,55,29,19,103,64,61,59,56,77,29,18,24,55,46,8,82,56,70,23,21,69,21,18,77,24,13,35,130,62,46,40,22,22,40,71,30,38,81,93,114,76,60,51,94,77,145,104,79,137,97,140,243,199,185,168,198,252,229,219,137,151,184,237,318,232,256,207,240,226,173,226,200,208,226,178,378,245,309,299,266,212,223,214,272,178,168,235,308,285,296,265,254,241,252,233,236,236,222,182,265,227,199,238,247,248,220,293,220,238,190,187,326,242,255,217,268,263,227,246,224,253,242,238,381,306,249,300,273,292,282,289,259,246,237,238,368,305,371,283,305,356,311,314,272,280,236,244,381,309,362,352,373,322,327,329,311,340,276,268,460,285,396,484,332,333,382,361,332,314,292,281,391,388,389,391,301,272,429,344,283,251,252,263,505,467,493,482,463,457,434,426,387,402,342,314,454,344,402,412,413,412,437,426,400,390,357,346,495,438,390,420,434,372,419,463,367,377,372,452,447,397,287,250,298,294,350,352,336,328,295,290,394,318,369,335,312,307,339,345,332,387,341,331,473,378,440,383,322,306,328,338,413,294,299,367,365,324,359,342,393,345,310,362,345,337,277,279,,,,,,,,,,,,,,,
Import Violations Reported by Population,0,0,0,0,0,0,0,0,0,0,0,0,0,0,0,0,0,0,0,0,0,0,0,0,0,0,0,0,0,0,0,0,0,0,0,0,0,0,0,0,0,0,0,0,0,0,0,0,0,0,0,0,0,0,0,0,0,0,0,0,0,0,0,0,0,0,0,0,0,0,0,0,0,0,0,0,0,0,0,0,0,0,0,0,0,0,0,0,0,0,0,0,0,0,0,0,0,0,0,0,0,0,0,0,0,0,0,0,0,0,0,0,0,0,0,0,0,0,0,0,0,0,0,0,0,0,0,0,0,0,0,0,0,0,0,0,0,0,0,0,0,0,0,0,0,0,0,0,0,0,0,0,0,0,0,0,0,0,0,0,0,0,0,0,0,0,0,0,0,0,0,0,0,0,0,0,0,0,0,0,0,0,0,0,0,0,0,0,0,0,0,0,0,0,0,0,0,0,0,0,0,0,0,0,0,0,0,0,0,0,0,0,0,0,0,0,0,0,0,0,0,0,0,0,0,0,0,0,0,0,0,0,0,0,0,0,0,0,0,0,0,0,0,0,0,0,0,0,0,0,0,0,0,0,0,0,0,0,0,0,0,0,0,0,0,0,0,0,0,0,0,0,0,0,0,0,0,0,0,0,0,0,0,0,0,0,0,0,0,0,0,0,0,0,0,0,0,0,0,0,0,0,0,0,0,0,0,0,0,0,0,0,0,0,0,0,0,0,0,0,0,0,0,0,0,0,0,0,0,0,0,0,0,0,0,0,0,0,0,0,0,0,0,0,0,0,0,0,0,0,0,0,0,0,0,0,0,0,0,0,0,0,0,0,0,0,0,0,0,0,0,0,0,0,0,0,0,0,0,0,0,0,0,0,0,0,0,0,0,0,0,0,0,0,0,0,0,0,0,0,0,0,0,0,0,0,0,0,0,0,0,0,0,0,0,0,0,0,0,0,0,0,0,0,0,0,0,0,0,0,0,0,0,0,0,0,0,0,0,0,0,0,0,0,0,0,0,0,0,0,0,0,0,0,0,0,0,0,0,0,0,0,0,0,0,0,0,0,,,,,,,,,,,,,,,
Incest Reported by Population,0,0,0,0,0,0,0,0,0,0,0,0,0,0,0,0,0,0,0,0,0,0,0,0,0,0,0,0,0,0,0,0,0,0,0,0,0,0,0,0,0,0,0,0,0,0,0,0,0,0,0,0,0,0,0,0,0,0,0,0,0,0,0,0,0,0,0,0,0,0,0,0,0,0,0,0,0,0,0,0,0,0,0,0,0,0,0,0,0,0,0,0,0,0,0,0,0,0,0,0,0,0,0,0,0,0,0,0,0,0,0,0,1,0,0,0,0,0,0,0,0,0,0,0,0,0,0,0,0,0,0,0,0,0,0,0,0,0,0,0,0,0,0,0,0,0,0,0,0,0,0,0,0,0,0,0,0,0,0,0,0,0,0,0,0,0,0,0,0,0,0,0,1,0,0,0,0,0,0,0,0,0,0,0,0,1,0,2,0,0,1,0,2,1,2,0,1,0,4,0,1,0,0,0,2,0,0,4,1,2,6,2,1,0,1,1,1,1,2,0,2,1,1,0,0,1,0,1,0,0,0,0,0,1,0,0,1,0,2,1,0,1,1,0,2,0,0,2,0,0,0,1,1,2,0,1,0,0,0,3,0,0,0,0,2,2,1,1,0,0,1,0,0,0,1,2,0,0,1,0,1,0,4,0,0,0,1,1,1,2,0,0,0,0,0,0,3,1,1,0,3,1,0,0,1,3,2,2,1,1,0,2,0,1,0,0,0,4,1,1,1,2,0,1,4,1,0,0,2,4,3,2,0,1,3,0,3,0,1,0,3,0,0,1,3,0,1,3,0,1,0,0,3,0,0,0,2,0,0,0,3,1,0,5,4,1,0,0,2,3,0,2,0,1,1,0,0,0,2,1,1,1,2,4,5,5,3,3,2,3,1,5,4,1,2,2,3,5,5,1,2,4,4,3,6,2,1,4,3,4,5,5,0,4,1,2,1,4,3,2,5,3,5,6,3,2,4,8,4,4,2,3,4,3,6,1,2,2,1,1,0,2,2,4,3,2,3,1,1,3,2,0,2,0,0,2,1,2,3,1,6,3,5,2,1,1,2,1,,,,,,,,,,,,,,,
Intimidation Reported by Population,0,0,0,0,0,0,0,0,0,0,0,0,0,0,0,0,0,0,0,0,0,0,0,0,0,0,0,0,0,0,0,0,0,0,0,0,0,0,0,0,0,0,0,0,0,0,0,0,0,0,0,0,0,0,0,0,0,0,0,0,0,0,0,0,0,0,0,0,0,0,0,0,0,0,0,0,0,0,0,0,0,0,0,0,0,0,0,0,0,0,0,0,0,0,0,0,0,0,0,0,0,0,0,0,0,0,0,0,0,0,0,0,0,0,0,0,0,0,0,0,0,0,0,0,0,0,0,0,0,0,0,0,0,0,0,0,0,0,0,0,0,0,0,0,0,0,0,0,0,0,0,0,0,0,0,0,4,0,0,0,0,0,0,0,0,0,7,0,0,0,0,0,9,14,84,0,0,0,0,33,59,12,52,90,19,5,28,119,772,792,316,321,849,290,934,328,402,365,526,295,417,820,307,434,1028,758,925,793,843,1017,470,528,533,843,744,383,850,754,916,441,392,871,491,433,1040,479,368,457,1012,625,599,583,135,160,203,568,615,770,952,961,1109,676,319,355,966,778,1335,989,1020,1273,580,748,1277,1056,917,970,824,1366,1005,1239,827,850,806,1074,1364,800,1488,1019,1075,1503,972,1135,1027,1323,911,832,1435,877,1513,1483,1567,1006,1136,1055,1475,805,811,1093,1371,1364,1534,1597,1659,1576,1527,1690,1531,1467,1286,1046,1362,1244,1545,1667,1627,1663,1535,1743,1746,1560,1411,1054,1309,1085,1415,1573,1668,1601,1608,1745,1615,1639,1393,1353,1615,1343,1720,1659,1764,1650,1650,1836,1535,1421,1518,1328,1532,1278,1482,1619,1734,1598,1630,1822,1651,1785,1255,1213,1501,1261,1690,1781,1975,1750,1729,1692,1556,1693,1226,1332,1731,1152,1562,1775,1926,1725,1785,1733,1707,1543,1563,1562,1776,1476,1805,1988,2055,1582,1805,1848,2074,1940,1762,1685,2373,2296,2375,2640,2861,2638,2641,2696,2471,2490,2132,1992,2075,2301,2778,2457,2718,2562,2559,2581,2517,2333,2011,2112,2194,2026,2242,2450,2633,2357,2313,2537,2466,2147,1986,2107,2043,1928,1982,1810,2398,2506,2569,2453,2299,2224,1970,1924,2004,1856,2179,2295,2462,2381,2428,2255,2306,2551,2165,2132,2007,2026,2299,2374,2384,2209,2226,2479,2625,2301,2049,1954,2430,2180,2525,2613,2731,2391,2371,2722,2543,2449,2316,2107,,,,,,,,,,,,,,,
Justifiable Homicide Reported by Population,0,0,0,0,0,0,0,0,0,0,0,0,0,0,0,0,0,0,0,0,0,0,0,0,0,0,0,0,0,0,0,0,0,0,0,0,0,0,0,0,0,0,0,0,0,0,0,0,0,0,0,0,0,0,0,0,0,0,0,0,0,0,0,0,0,0,0,0,0,0,0,0,0,0,0,0,0,0,0,0,0,0,0,0,0,0,0,0,0,0,0,0,0,0,0,0,0,0,0,0,0,0,0,0,0,0,0,0,0,0,0,0,0,0,0,0,0,0,0,0,0,0,0,0,0,0,0,0,0,0,0,0,0,0,0,0,0,0,0,0,0,0,0,0,0,0,0,0,0,0,0,0,0,0,0,0,0,0,0,0,0,0,0,0,0,0,0,0,0,0,0,0,0,0,0,0,0,0,0,0,0,0,0,0,0,0,0,0,0,1,1,1,1,1,3,0,0,4,2,1,1,1,1,1,4,3,1,1,1,1,1,1,2,3,0,2,0,1,1,2,1,5,2,1,2,2,0,3,0,1,2,0,0,0,1,0,3,1,2,1,3,0,0,0,3,3,6,1,1,2,0,0,1,2,1,0,1,1,2,2,0,1,2,2,2,3,1,5,3,4,1,2,2,1,6,5,4,3,3,1,1,2,2,0,1,3,2,0,2,1,1,1,0,2,2,1,2,1,1,1,1,1,6,1,2,4,3,0,3,1,2,2,3,3,0,3,3,3,2,3,4,4,4,1,1,1,1,1,4,7,0,1,2,1,4,2,2,1,2,2,1,2,2,3,2,2,3,1,1,2,5,2,7,3,2,3,2,2,1,4,1,6,1,4,2,3,5,4,0,0,1,1,4,1,5,3,3,3,1,2,6,2,2,4,2,5,3,4,8,3,1,2,4,3,1,1,4,1,6,1,1,4,4,2,7,3,2,1,2,4,2,5,2,5,3,5,5,1,4,4,2,2,3,4,2,7,3,2,3,5,7,6,3,5,5,4,0,1,2,5,5,7,2,8,8,3,4,1,5,6,4,2,0,5,8,6,8,5,9,10,3,5,5,6,3,2,3,2,,,,,,,,,,,,,,,
Kidnapping_Abduction Reported by Population,0,0,0,0,0,0,0,0,0,0,0,0,0,0,0,0,0,0,0,0,0,0,0,0,0,0,0,0,0,0,0,0,0,0,0,0,0,0,0,0,0,0,0,0,0,0,0,0,0,0,0,0,0,0,0,0,0,0,0,0,0,0,0,0,0,0,0,0,0,0,0,0,0,0,0,0,0,0,0,0,0,0,0,0,0,0,0,0,0,0,0,0,0,0,0,0,0,0,0,0,0,0,0,0,0,0,0,0,0,0,0,0,0,0,0,0,0,0,0,0,0,0,0,0,0,0,0,0,0,0,0,0,0,0,0,0,0,0,0,0,0,0,0,0,0,0,0,0,0,0,0,0,0,0,0,0,0,0,0,0,0,0,0,0,0,0,0,0,0,0,0,0,0,0,1,0,0,0,0,4,1,2,1,1,1,0,1,20,56,65,35,31,47,23,54,28,36,49,33,29,25,49,31,44,42,29,57,53,60,75,39,49,32,40,57,27,42,42,59,42,44,49,33,29,46,32,33,31,45,43,43,44,11,9,22,25,45,54,65,50,63,46,18,26,41,58,73,58,58,63,32,57,52,54,41,59,61,62,68,50,50,51,50,77,70,47,84,52,61,71,50,62,57,81,45,62,62,51,66,57,86,51,50,58,55,43,47,41,41,36,86,66,85,66,88,81,66,49,60,43,57,57,48,60,63,76,62,75,79,57,49,44,45,38,52,41,65,63,78,80,73,62,62,64,72,47,97,72,75,83,77,87,72,69,71,90,65,64,58,47,68,72,85,93,55,76,64,74,83,57,67,63,79,82,86,84,62,84,81,70,83,55,54,90,104,86,134,126,82,110,75,101,77,64,80,101,101,84,89,100,67,100,98,127,140,101,137,153,155,149,179,161,122,135,132,145,135,115,186,168,155,161,143,162,154,119,116,177,158,123,150,144,214,157,182,162,167,143,166,162,161,166,169,149,185,190,210,177,167,173,166,159,192,144,177,160,195,215,228,201,191,177,161,182,154,145,165,194,173,186,204,176,151,155,125,147,159,137,182,165,169,181,209,170,186,178,190,186,,,,,,,,,,,,,,,
Larceny-theft Reported by Population,6403,6187,7477,7489,7689,7752,8620,8518,7408,7838,7457,7280,7273,6609,7499,7647,8112,8475,8748,8518,7968,7866,7357,7862,7274,7485,7642,7594,7756,8253,9081,8920,8089,8188,7781,10625,7486,7517,7577,7288,8062,8391,8964,9347,8292,8341,7712,7733,8236,6885,7995,7654,8205,8669,9583,9163,8386,8768,7704,7820,9165,8257,8601,8617,9096,9329,10105,9700,8917,9591,8974,9161,9526,8664,9932,9608,9698,9980,10327,10238,9515,9360,8429,9031,9019,8091,9002,8551,9024,9706,10083,10498,9763,9413,9070,9892,9589,8228,9842,9937,10183,10837,11504,11470,10319,10546,10084,10538,8998,8109,9618,9367,10006,10411,11191,10783,9794,9892,9836,9931,9514,8716,9739,9857,10687,11037,11309,11452,10536,10886,10266,10282,10048,8568,9674,9849,10809,11204,11953,11700,10723,11359,10633,10836,9834,8887,9736,9936,10451,11094,11388,11329,10875,11010,10379,11821,11027,9235,10515,10540,11605,11707,12939,11882,10788,11309,10535,10380,10798,9387,10347,10840,11634,12611,12657,12517,12068,11903,11314,11876,11311,10696,12205,12085,13391,13231,14052,13473,13758,14133,12850,12725,12800,11077,13229,13589,14543,14656,15569,14922,13832,14380,12896,13262,12273,10531,12793,13427,14618,14247,15193,14644,13675,14151,13392,13079,12403,10932,13345,13675,14324,14640,15448,15382,14624,15024,13646,13181,12917,11803,13331,13953,14969,14794,15899,15076,14422,15295,13832,13448,12758,11170,13594,14379,15551,14987,15662,14892,13937,14622,13422,13679,13040,10341,12874,13574,14926,14390,15006,14911,14453,13894,13374,13302,12472,10857,13828,14085,15070,14816,15660,15101,14446,14597,13853,13753,12454,10935,13270,14206,15078,15140,15547,15197,14375,14434,12992,12642,11585,10287,12459,13401,14309,14012,14906,14378,13627,13828,12731,12784,11166,9801,12430,12930,13657,14024,14470,14160,13406,13203,12509,11903,10761,9580,11928,12874,13935,13746,14335,14681,13567,13088,12471,12926,11825,10067,12525,12817,13614,13176,13263,12727,12376,12640,11647,11814,11523,9649,11044,11958,13019,12957,13217,13362,12022,12530,11257,11101,11018,9273,10776,11575,12874,12245,13039,12920,12219,12427,11134,11224,10869,7950,10441,11755,12552,12352,12981,12944,12243,12146,11350,11658,10330,9040,10630,11559,11803,11716,12309,12320,11939,11688,11162,11269,11262,9551,10692,10967,12088,12365,12992,12555,12249,12409,11714,11860,10855,9567,10772,10771,12346,12121,12913,12560,12278,12440,10893,11316,10600,9128,10089,10766,11793,11941,12444,11847,11537,11263,10228,11280,10905,9640,9560,9339,9691,10597,11021,11055,10897,11277,10446,10905,10075,8024,8792,8567,9649,9434,10284,9918,9594,10054,8962,9395,9255,8446,9009,9544,10249,9730,10664,10402,9821,9757,9122,9566,9512,8273,9135,9464,10405,10295,10085,10411,9695,9809,9155,9477,,,,,,,,,,,,,,,
Money Laundering Reported by Population,0,0,0,0,0,0,0,0,0,0,0,0,0,0,0,0,0,0,0,0,0,0,0,0,0,0,0,0,0,0,0,0,0,0,0,0,0,0,0,0,0,0,0,0,0,0,0,0,0,0,0,0,0,0,0,0,0,0,0,0,0,0,0,0,0,0,0,0,0,0,0,0,0,0,0,0,0,0,0,0,0,0,0,0,0,0,0,0,0,0,0,0,0,0,0,0,0,0,0,0,0,0,0,0,0,0,0,0,0,0,0,0,0,0,0,0,0,0,0,0,0,0,0,0,0,0,0,0,0,0,0,0,0,0,0,0,0,0,0,0,0,0,0,0,0,0,0,0,0,0,0,0,0,0,0,0,0,0,0,0,0,0,0,0,0,0,0,0,0,0,0,0,0,0,0,0,0,0,0,0,0,0,0,0,0,0,0,0,0,0,0,0,0,0,0,0,0,0,0,0,0,0,0,0,0,0,0,0,0,0,0,0,0,0,0,0,0,0,0,0,0,0,0,0,0,0,0,0,0,0,0,0,0,0,0,0,0,0,0,0,0,0,0,0,0,0,0,0,0,0,0,0,0,0,0,0,0,0,0,0,0,0,0,0,0,0,0,0,0,0,0,0,0,0,0,0,0,0,0,0,0,0,0,0,0,0,0,0,0,0,0,0,0,0,0,0,0,0,0,0,0,0,0,0,0,0,0,0,0,0,0,0,0,0,0,0,0,0,0,0,0,0,0,0,0,0,0,0,0,0,0,0,0,0,0,0,0,0,0,0,0,0,0,0,0,0,0,0,0,0,0,0,0,0,0,0,0,0,0,0,0,0,0,0,0,0,0,0,0,0,0,0,0,0,0,0,0,0,0,0,0,0,0,0,0,0,0,0,0,0,0,0,0,0,0,0,0,0,0,0,0,0,0,0,0,0,0,0,0,0,0,0,0,0,0,0,0,0,0,0,0,0,0,0,0,0,0,0,0,0,0,0,0,0,0,0,0,0,0,0,0,0,0,0,0,0,0,0,0,0,0,0,0,0,0,0,0,0,0,0,0,0,0,0,0,0,0,0,,,,,,,,,,,,,,,
Motor Vehicle Theft Reported by Population,1528,1393,1577,1434,1570,1910,2247,2034,1880,2128,2197,2138,2155,1721,1944,1669,1810,1908,2194,2256,2222,2298,2310,2155,2082,1838,1938,1849,2053,2021,2444,2534,2250,2240,2049,2825,2133,2092,1988,1703,1815,2082,2143,2412,2163,2292,2335,2180,2177,1910,2184,1852,1980,2041,2266,2068,2101,2034,1978,2092,2090,1889,2031,2028,2083,1930,2365,2397,2377,2413,2052,2195,2267,2090,2361,2331,2321,2387,2376,2374,2346,2341,2216,2278,2420,1867,1927,1924,2162,2173,2583,2591,2430,2349,2266,2159,2165,1858,2403,2382,2432,2401,2691,2375,2286,2317,2262,2262,2259,1799,2172,2068,2071,2274,2405,2443,2223,2034,2234,2282,2544,2082,2291,2116,2395,2666,3133,3141,2799,2773,2613,2633,2920,2233,2275,2245,2437,2524,3054,2939,2774,2724,2498,2757,2883,2479,2446,2240,2104,2504,2669,2645,2354,2289,2285,2345,2298,1894,1932,2018,2248,2186,2520,2290,2074,2080,2002,1894,2073,1591,1832,1877,1973,2214,2240,2294,2205,2143,2037,2094,2105,1797,1961,2011,1949,2328,2709,2574,2389,2491,2605,2518,2401,1929,2227,2099,2424,2529,2534,2527,2310,2467,2337,2388,2193,1810,2174,2178,2327,2210,2499,2421,2269,2308,2161,2042,2162,1854,2093,1950,2093,2142,2395,2511,2293,2429,2219,2299,2161,1839,2012,2016,2080,2115,2201,2304,2043,2163,1884,1938,2011,1637,1997,2074,2223,2116,2333,2319,2211,2214,2009,2013,1895,1546,1695,1838,1893,1969,2057,2099,1885,2005,1851,1886,1907,1499,1864,1808,1864,1861,2036,1978,1809,1771,1684,1615,1619,1344,1654,1628,1731,1709,1777,1872,1665,1542,1249,1359,1270,1058,1210,1133,1248,1326,1457,1457,1288,1207,1174,1188,1066,924,1210,1209,1268,1324,1532,1328,1282,1281,1167,1228,1063,952,1024,1137,1095,1254,1400,1353,1242,1224,1177,1219,1110,953,1062,1041,1226,1236,1230,1087,1064,1029,960,953,954,810,964,964,1025,1080,1047,1111,893,1088,959,963,983,879,852,1008,1104,1122,1239,1190,1129,1104,997,997,963,814,935,983,1089,1168,1281,1249,1130,1153,1163,1106,1102,952,1104,1112,1137,1231,1460,1403,1451,1461,1310,1569,1575,1263,1441,1441,1538,1537,1769,1622,1563,1681,1561,1642,1904,1510,1507,1492,1703,1758,1846,1730,1768,1891,1653,1821,1694,1357,1423,1455,1634,1680,1954,1733,1641,1595,1598,1644,1722,1537,1589,1590,1560,1750,1994,2014,1850,1873,1873,2050,1893,1574,1510,1449,1708,1727,1949,1804,1819,1915,1617,1756,1951,1583,1642,1641,1856,2229,2559,2321,2370,2577,2401,2710,2530,2346,2439,2365,2782,2956,3105,3022,2718,2826,2554,2660,,,,,,,,,,,,,,,
Murder and Nonnegligent Manslaughter Reported by Population,0,0,0,0,0,0,0,0,0,0,0,0,0,0,0,0,0,0,0,0,0,0,0,0,0,0,0,0,0,0,0,0,0,0,0,0,0,0,0,0,0,0,0,0,0,0,0,0,0,0,0,0,0,0,0,0,0,0,0,0,0,0,0,0,0,0,0,0,0,0,0,0,0,0,0,0,0,0,0,0,0,0,0,0,0,0,0,0,0,0,0,0,0,0,0,0,0,0,0,0,0,0,0,0,0,0,0,0,0,0,0,0,0,0,0,0,0,0,0,0,0,0,0,0,0,0,0,0,0,0,0,0,0,0,0,0,0,0,0,0,0,0,0,0,0,0,0,0,0,0,0,0,0,0,0,0,0,0,0,0,0,0,0,0,0,0,0,0,0,0,0,0,0,0,0,0,0,0,0,0,0,1,0,0,0,0,0,6,24,18,23,18,15,7,10,24,14,16,11,14,9,30,18,10,17,21,24,16,16,28,15,19,25,12,24,7,16,11,20,8,11,22,17,19,22,10,8,9,19,5,5,10,11,2,3,8,15,13,16,16,12,14,2,6,14,21,39,14,14,28,11,16,19,14,16,28,15,37,17,19,14,12,14,17,27,10,29,15,13,23,23,14,20,25,9,17,24,13,24,18,21,15,26,19,19,14,16,29,19,27,25,24,20,17,39,23,25,22,24,17,20,14,16,20,20,12,25,20,27,18,10,17,16,18,19,17,23,16,29,22,19,21,22,19,29,13,19,28,15,17,29,34,35,26,22,18,22,10,22,24,24,19,23,29,12,15,18,20,20,24,26,31,23,19,29,28,27,21,18,17,24,16,23,23,21,20,26,32,40,31,27,36,36,35,35,24,30,33,44,30,37,41,36,47,42,32,41,45,45,52,53,47,43,38,50,47,46,29,30,35,47,52,53,40,53,48,37,48,42,31,39,62,37,49,52,33,48,52,42,57,44,27,48,55,56,64,65,72,57,64,62,88,72,63,41,52,65,66,44,48,73,73,55,58,56,44,50,60,56,57,53,62,49,57,47,62,61,49,73,47,56,66,77,51,57,62,58,58,,,,,,,,,,,,,,,
Negligent Manslaughter Reported by Population,0,0,0,0,0,0,0,0,0,0,0,0,0,0,0,0,0,0,0,0,0,0,0,0,0,0,0,0,0,0,0,0,0,0,0,0,0,0,0,0,0,0,0,0,0,0,0,0,0,0,0,0,0,0,0,0,0,0,0,0,0,0,0,0,0,0,0,0,0,0,0,0,0,0,0,0,0,0,0,0,0,0,0,0,0,0,0,0,0,0,0,0,0,0,0,0,0,0,0,0,0,0,0,0,0,0,0,0,0,0,0,0,0,0,0,0,0,0,0,0,0,0,0,0,0,0,0,0,0,0,0,0,0,0,0,0,0,0,0,0,0,0,0,0,0,0,0,0,0,0,0,0,0,0,0,0,0,0,0,0,0,0,0,0,0,0,0,0,0,0,0,0,0,0,0,0,0,0,0,0,0,0,1,0,0,0,0,0,2,0,0,1,0,1,0,0,0,0,0,0,3,0,0,0,0,0,0,0,0,2,0,0,0,0,2,0,0,0,0,0,0,1,0,0,0,0,0,0,1,0,0,0,1,0,0,0,1,0,0,0,1,0,1,0,1,0,1,0,1,0,0,1,0,0,0,1,0,0,0,0,0,0,0,1,1,1,0,0,1,2,0,0,0,0,0,0,3,1,1,0,0,1,0,1,0,0,0,0,2,0,0,0,0,0,0,0,1,2,0,1,0,1,1,0,1,1,1,0,0,0,0,1,1,1,0,0,0,0,0,1,1,0,1,1,2,0,0,3,2,0,2,3,0,0,0,4,0,2,2,1,0,1,1,1,0,0,1,1,0,2,0,1,0,0,0,1,0,0,0,0,0,0,1,2,0,2,1,0,0,2,0,0,1,2,1,2,1,0,1,3,0,0,1,1,2,1,2,2,1,2,2,5,0,3,1,4,4,2,3,1,3,2,2,1,3,3,1,5,1,8,7,3,6,6,5,0,5,3,0,6,4,5,5,7,4,4,8,2,5,5,2,1,8,11,10,5,6,9,2,7,4,4,2,6,2,5,4,2,6,5,8,4,9,4,8,6,6,7,6,4,6,5,11,1,2,6,8,5,,,,,,,,,,,,,,,
Not Specified Reported by Population,0,0,0,0,0,0,0,0,0,0,0,0,0,0,0,0,0,0,0,0,0,0,0,0,0,0,0,0,0,0,0,0,0,0,0,0,0,0,0,0,0,0,0,0,0,0,0,0,0,0,0,0,0,0,0,0,0,0,0,0,0,0,0,0,0,0,0,0,0,0,0,0,0,0,0,0,0,0,0,0,0,0,0,0,0,0,0,0,0,0,0,0,0,0,0,0,0,0,0,0,0,0,0,0,0,0,0,0,0,0,0,0,0,0,0,0,0,0,0,0,0,0,0,0,0,0,0,0,0,0,0,0,0,0,0,0,0,0,0,0,0,0,0,0,0,0,0,0,0,0,0,0,0,0,0,0,0,0,0,0,0,0,0,0,0,0,0,0,0,0,0,0,0,0,0,0,0,0,0,0,0,0,0,0,0,0,0,0,0,0,0,0,0,0,0,0,0,0,0,0,0,0,0,0,0,0,0,0,0,0,0,0,0,0,0,0,0,0,0,0,0,0,0,0,0,0,0,0,0,0,0,0,0,0,0,0,0,0,0,0,0,0,0,0,0,0,0,0,0,0,0,0,0,0,0,0,0,0,0,0,0,0,0,0,0,0,0,0,0,0,0,0,0,0,0,0,0,0,0,0,0,0,0,0,0,0,0,0,0,0,0,0,0,0,0,0,0,0,0,0,0,0,0,0,0,0,0,0,0,0,0,0,0,0,0,0,0,0,0,0,0,0,0,0,0,0,0,0,0,0,0,0,0,0,0,0,0,0,0,0,0,0,0,0,0,0,0,0,0,0,0,0,0,0,0,0,0,0,0,0,0,0,0,0,0,0,0,0,0,0,0,0,0,0,0,0,0,0,0,0,0,0,0,0,0,0,0,0,0,0,0,0,0,0,0,0,0,0,0,0,0,0,0,0,0,0,0,0,0,0,0,0,0,0,0,0,0,0,0,0,0,0,0,0,0,0,0,0,0,0,0,0,0,0,0,0,0,0,0,0,0,0,0,0,0,0,0,0,0,0,0,0,0,0,0,0,0,0,0,0,0,0,0,0,0,0,0,0,,,,,,,,,,,,,,,
Operating_Promoting_Assisting Gambling Reported by Population,0,0,0,0,0,0,0,0,0,0,0,0,0,0,0,0,0,0,0,0,0,0,0,0,0,0,0,0,0,0,0,0,0,0,0,0,0,0,0,0,0,0,0,0,0,0,0,0,0,0,0,0,0,0,0,0,0,0,0,0,0,0,0,0,0,0,0,0,0,0,0,0,0,0,0,0,0,0,0,0,0,0,0,0,0,0,0,0,0,0,0,0,0,0,0,0,0,0,0,0,0,0,0,0,0,0,0,0,0,0,0,0,0,0,0,0,0,0,0,0,0,0,0,0,0,0,0,0,0,0,0,0,0,0,0,0,0,0,0,0,0,0,0,0,0,0,0,0,0,0,0,0,0,0,0,0,0,0,0,0,0,0,0,0,0,0,0,0,0,0,0,0,4,0,0,0,0,0,0,0,0,0,0,0,0,0,0,0,1,6,1,1,3,0,0,0,0,0,1,1,1,2,0,1,7,8,2,2,2,2,1,0,0,2,5,0,4,1,4,1,1,0,1,1,5,2,3,1,2,4,0,0,1,0,0,4,5,8,2,1,1,2,1,0,0,1,0,1,2,7,3,2,2,4,4,1,8,4,1,5,1,0,2,6,3,3,7,3,3,9,4,1,1,4,2,4,9,7,7,7,5,0,1,2,4,2,3,3,2,3,1,6,7,5,6,5,4,2,4,3,0,2,4,5,1,1,1,6,3,4,1,1,3,8,6,11,4,2,3,3,4,0,4,1,4,2,6,2,3,5,2,3,0,5,4,0,0,2,6,3,3,3,3,4,4,0,5,2,1,3,8,1,1,0,0,4,0,2,1,0,0,1,1,3,1,0,4,7,1,1,2,2,3,2,2,2,4,1,1,5,1,1,2,0,1,0,9,2,3,0,1,2,0,2,0,1,2,0,1,1,1,0,0,1,1,1,1,0,0,2,0,2,0,0,1,3,0,1,1,0,0,0,0,2,1,0,0,1,0,0,0,0,3,0,1,3,3,0,2,1,0,1,0,0,1,0,1,1,8,0,1,1,3,7,0,1,0,1,4,5,10,19,5,10,7,3,4,1,,,,,,,,,,,,,,,
Pocket-picking Reported by Population,0,0,0,0,0,0,0,0,0,0,0,0,0,0,0,0,0,0,0,0,0,0,0,0,0,0,0,0,0,0,0,0,0,0,0,0,0,0,0,0,0,0,0,0,0,0,0,0,0,0,0,0,0,0,0,0,0,0,0,0,0,0,0,0,0,0,0,0,0,0,0,0,0,0,0,0,0,0,0,0,0,0,0,0,0,0,0,0,0,0,0,0,0,0,0,0,0,0,0,0,0,0,0,0,0,0,0,0,0,0,0,0,0,0,0,0,0,0,0,0,0,0,0,0,0,0,0,0,0,0,0,0,0,0,0,0,0,0,0,0,0,0,0,0,0,0,0,0,0,0,0,0,0,0,0,0,0,0,0,0,0,0,0,0,0,0,0,0,0,0,0,0,0,0,0,0,0,0,0,0,0,2,0,0,2,0,0,2,26,29,20,20,29,16,32,15,19,18,14,25,16,35,18,33,28,18,23,32,40,79,19,16,20,27,46,18,47,33,36,12,16,34,17,14,22,17,21,23,29,21,16,25,5,3,7,19,17,18,17,21,21,13,8,3,20,15,35,15,18,36,16,20,21,20,25,20,26,35,24,27,23,20,15,35,27,10,23,11,25,24,11,13,14,30,19,19,24,12,22,22,21,11,19,20,19,22,22,28,23,26,29,24,33,26,21,28,33,24,30,28,25,30,30,21,18,24,23,33,21,22,19,16,10,16,20,26,22,19,20,23,10,27,21,28,10,24,19,14,31,29,27,21,35,39,31,35,26,25,36,19,32,26,30,41,37,31,37,25,26,24,34,39,34,23,29,45,27,33,31,27,29,16,30,24,26,32,29,26,42,28,20,37,27,27,26,29,29,21,24,26,21,34,27,34,31,37,36,24,34,33,41,51,44,38,44,55,30,41,52,38,33,54,43,56,57,65,57,51,28,33,50,52,68,82,89,80,60,75,45,52,46,66,41,17,22,33,39,31,17,29,27,32,19,16,23,22,41,25,35,76,60,71,57,31,28,51,60,54,67,92,103,59,54,107,58,54,64,57,46,55,50,98,64,62,46,66,51,39,,,,,,,,,,,,,,,
Pornography_Obscene Material Reported by Population,0,0,0,0,0,0,0,0,0,0,0,0,0,0,0,0,0,0,0,0,0,0,0,0,0,0,0,0,0,0,0,0,0,0,0,0,0,0,0,0,0,0,0,0,0,0,0,0,0,0,0,0,0,0,0,0,0,0,0,0,0,0,0,0,0,0,0,0,0,0,0,0,0,0,0,0,0,0,0,0,0,0,0,0,0,0,0,0,0,0,0,0,0,0,0,0,0,0,0,0,0,0,0,0,0,0,0,0,0,0,0,0,0,0,0,0,0,0,0,0,0,0,0,0,0,0,0,0,0,0,0,0,0,0,0,0,0,0,0,0,0,0,0,0,0,0,0,0,0,0,0,0,0,0,0,0,0,0,0,0,0,0,0,0,0,0,0,0,0,0,0,0,0,0,0,0,0,0,0,0,0,0,0,0,0,0,0,1,0,1,0,2,1,0,2,0,0,0,0,0,0,2,1,0,1,0,3,1,2,4,0,2,0,3,1,0,3,3,0,0,0,3,0,0,2,2,0,0,2,3,2,1,1,0,0,1,0,0,3,1,2,2,3,0,1,0,1,0,1,6,5,5,6,5,2,2,7,7,1,5,2,2,2,3,6,5,12,1,4,1,1,2,1,3,4,2,12,3,9,4,10,1,3,2,4,1,6,8,11,10,8,12,4,21,8,10,22,10,7,2,13,11,14,12,5,21,12,16,17,12,15,14,17,17,17,15,15,19,17,20,16,17,19,14,44,16,16,20,20,11,16,23,24,17,18,23,33,19,28,24,25,29,36,39,29,30,27,37,44,38,46,36,60,23,26,20,42,36,30,37,45,29,44,28,48,38,29,26,32,35,35,38,53,43,45,62,42,25,30,37,55,37,38,29,89,74,67,71,53,73,46,69,73,77,62,49,91,77,90,82,83,66,57,103,80,81,88,73,87,80,68,75,75,52,72,70,92,94,83,77,117,99,76,55,67,61,72,82,108,80,71,61,88,71,115,98,112,69,93,93,92,76,79,91,109,107,115,101,89,67,82,94,117,117,97,82,106,105,110,102,100,82,83,109,88,108,107,81,,,,,,,,,,,,,,,
Prostitution Reported by Population,0,0,0,0,0,0,0,0,0,0,0,0,0,0,0,0,0,0,0,0,0,0,0,0,0,0,0,0,0,0,0,0,0,0,0,0,0,0,0,0,0,0,0,0,0,0,0,0,0,0,0,0,0,0,0,0,0,0,0,0,0,0,0,0,0,0,0,0,0,0,0,0,0,0,0,0,0,0,0,0,0,0,0,0,0,0,0,0,0,0,0,0,0,0,0,0,0,0,0,0,0,0,0,0,0,0,0,0,0,0,0,0,0,0,0,0,0,0,0,0,0,0,0,0,0,0,0,0,0,0,0,0,0,0,0,0,0,0,0,0,0,0,0,0,0,0,0,0,0,0,0,0,0,0,0,0,0,0,0,0,0,0,0,0,0,0,0,0,0,0,0,0,3,0,0,0,0,0,0,0,0,0,0,0,0,0,0,14,69,84,44,39,97,83,45,97,85,109,21,92,89,74,90,95,90,78,80,162,110,172,111,106,252,313,209,66,113,134,194,142,99,112,115,119,144,81,43,23,51,35,136,92,14,1,23,40,114,151,84,38,101,90,6,2,113,109,240,169,99,120,36,46,93,112,145,135,99,133,139,219,98,134,154,107,199,55,131,89,142,206,139,236,146,234,109,77,104,72,177,204,206,106,212,163,207,66,73,91,136,122,141,213,214,202,276,370,275,208,273,149,176,158,242,219,156,253,171,205,179,174,183,138,211,137,254,173,233,192,197,309,205,197,146,125,168,124,197,185,186,175,149,196,191,170,166,46,129,71,49,120,141,115,117,189,112,115,96,82,79,105,85,144,118,148,112,133,95,122,54,79,122,77,87,149,132,89,70,97,57,79,65,52,59,79,57,100,104,123,79,87,78,65,33,54,58,47,43,59,83,80,88,38,98,72,56,37,33,31,42,23,26,39,59,33,66,41,30,28,28,32,20,32,43,52,36,50,31,22,21,22,13,16,26,11,12,12,18,15,16,47,22,12,34,19,27,5,18,12,22,15,21,15,31,28,33,19,11,14,11,14,13,28,32,24,23,11,18,7,19,27,3,32,11,48,12,31,24,28,,,,,,,,,,,,,,,
Purchasing Prostitution Reported by Population,0,0,0,0,0,0,0,0,0,0,0,0,0,0,0,0,0,0,0,0,0,0,0,0,0,0,0,0,0,0,0,0,0,0,0,0,0,0,0,0,0,0,0,0,0,0,0,0,0,0,0,0,0,0,0,0,0,0,0,0,0,0,0,0,0,0,0,0,0,0,0,0,0,0,0,0,0,0,0,0,0,0,0,0,0,0,0,0,0,0,0,0,0,0,0,0,0,0,0,0,0,0,0,0,0,0,0,0,0,0,0,0,0,0,0,0,0,0,0,0,0,0,0,0,0,0,0,0,0,0,0,0,0,0,0,0,0,0,0,0,0,0,0,0,0,0,0,0,0,0,0,0,0,0,0,0,0,0,0,0,0,0,0,0,0,0,0,0,0,0,0,0,0,0,0,0,0,0,0,0,0,0,0,0,0,0,0,0,0,0,0,0,0,0,0,0,0,0,0,0,0,0,0,0,0,0,0,0,0,0,0,0,0,0,0,0,0,0,0,0,0,0,0,0,0,0,0,0,0,0,0,0,0,0,0,0,0,0,0,0,0,0,0,0,0,0,0,0,0,0,0,0,0,0,0,0,0,0,0,0,0,0,0,0,0,0,0,0,0,0,0,0,0,0,0,0,0,0,0,0,0,0,0,0,0,0,0,0,0,0,0,0,0,0,0,0,0,0,0,0,0,0,0,0,0,0,0,0,0,0,0,0,0,0,0,0,0,0,0,0,0,0,0,0,0,0,0,0,0,0,0,0,0,0,0,0,0,0,0,7,0,7,4,15,1,1,0,0,6,3,7,2,1,1,1,0,2,0,0,1,3,0,0,0,9,1,5,4,16,12,22,1,1,13,27,10,9,30,6,22,20,8,20,4,54,0,21,3,29,14,11,30,3,23,15,6,6,3,4,2,11,9,0,14,2,3,3,15,4,4,2,18,12,10,23,14,2,15,6,3,6,0,13,0,4,4,2,16,2,10,5,14,13,11,10,10,11,15,17,6,1,11,16,13,23,9,30,24,18,12,6,14,39,21,17,15,11,0,12,9,12,0,3,3,2,0,2,0,,,,,,,,,,,,,,,
Purse-snatching Reported by Population,0,0,0,0,0,0,0,0,0,0,0,0,0,0,0,0,0,0,0,0,0,0,0,0,0,0,0,0,0,0,0,0,0,0,0,0,0,0,0,0,0,0,0,0,0,0,0,0,0,0,0,0,0,0,0,0,0,0,0,0,0,0,0,0,0,0,0,0,0,0,0,0,0,0,0,0,0,0,0,0,0,0,0,0,0,0,0,0,0,0,0,0,0,0,0,0,0,0,0,0,0,0,0,0,0,0,0,0,0,0,0,0,0,0,0,0,0,0,0,0,0,0,0,0,0,0,0,0,0,0,0,0,0,0,0,0,0,0,0,0,0,0,0,0,0,0,0,0,0,0,0,0,0,0,0,0,0,0,0,0,0,0,0,0,0,0,0,0,0,0,0,0,0,0,0,0,0,0,0,0,1,0,1,0,1,0,0,3,33,32,20,26,37,26,43,18,16,19,23,21,28,34,41,32,26,16,36,34,25,37,32,25,19,31,42,19,30,44,20,33,27,46,24,26,29,16,17,24,40,16,28,19,12,5,9,18,17,24,48,48,34,15,8,3,25,29,36,16,25,45,14,21,24,28,33,28,29,28,22,34,26,15,20,33,30,12,20,22,19,22,19,16,15,31,19,15,23,18,28,29,38,25,31,20,30,18,31,16,28,21,24,38,20,18,30,31,32,29,24,23,24,22,21,20,29,16,19,16,21,42,10,22,10,14,15,21,27,27,18,19,29,18,17,23,21,10,18,19,19,31,13,12,17,16,14,24,18,12,21,19,30,17,19,24,17,18,20,14,22,7,17,11,18,22,21,17,13,19,19,20,9,11,19,20,30,23,20,21,16,28,17,17,18,13,21,20,24,17,23,21,30,15,17,19,34,24,21,31,33,40,39,42,44,30,38,25,14,16,14,27,28,25,27,28,22,23,21,23,15,14,14,11,26,22,21,21,20,17,16,21,20,8,12,11,13,13,13,29,14,19,9,15,16,11,7,17,16,12,13,11,10,13,9,14,10,8,11,7,13,14,15,13,11,14,11,13,11,7,17,15,9,10,11,19,21,16,16,16,,,,,,,,,,,,,,,
Rape Reported by Population,126,107,189,146,186,174,219,176,171,163,160,94,168,136,154,160,180,191,244,234,217,134,144,147,127,119,135,155,173,181,212,245,186,146,170,168,136,146,160,158,180,193,191,229,228,147,152,133,164,138,168,173,189,179,239,193,173,164,181,145,167,154,168,180,210,191,219,242,194,178,167,161,178,146,146,180,191,177,183,176,166,177,154,155,143,178,164,199,182,168,161,187,168,199,156,187,172,161,172,168,215,234,233,228,188,164,181,181,158,172,189,188,201,218,215,215,187,163,174,139,139,138,178,208,181,179,218,220,188,210,179,143,162,154,156,149,195,183,195,216,192,194,160,138,190,183,223,210,229,256,258,259,195,191,186,144,163,179,189,201,192,199,230,211,204,179,169,179,179,167,169,197,223,234,223,225,185,188,182,173,195,164,225,183,196,226,199,185,169,187,175,120,145,178,191,171,187,209,233,196,176,188,151,172,181,140,197,191,201,204,252,230,198,181,179,172,143,139,186,182,216,220,197,212,172,165,156,138,186,211,179,165,205,218,207,192,171,196,181,170,165,172,173,179,199,201,213,201,200,202,142,146,168,154,160,186,201,184,190,229,209,197,171,143,154,150,189,192,201,209,185,205,203,177,186,149,137,154,172,179,191,160,215,246,173,153,159,131,147,142,194,153,163,199,206,195,164,154,172,130,168,160,187,173,198,255,197,202,171,176,159,127,174,145,188,197,181,193,199,177,182,147,160,151,172,170,154,170,180,205,201,190,186,131,155,128,190,187,171,160,238,267,217,265,214,235,180,166,211,169,216,205,254,228,251,267,211,217,182,172,209,168,228,233,267,268,282,248,246,266,190,196,239,212,219,228,230,275,237,256,254,254,188,229,309,235,273,281,279,266,287,278,284,263,233,226,267,210,290,244,320,286,310,306,275,264,217,225,325,213,255,245,274,288,260,300,305,254,242,204,307,272,241,173,234,275,299,248,249,253,239,232,271,212,247,254,318,262,278,279,248,293,247,234,236,231,240,241,248,279,258,255,258,231,213,232,257,227,257,271,257,264,245,235,228,230,195,167,,,,,,,,,,,,,,,
Re-entry after Deportation Reported by Population,0,0,0,0,0,0,0,0,0,0,0,0,0,0,0,0,0,0,0,0,0,0,0,0,0,0,0,0,0,0,0,0,0,0,0,0,0,0,0,0,0,0,0,0,0,0,0,0,0,0,0,0,0,0,0,0,0,0,0,0,0,0,0,0,0,0,0,0,0,0,0,0,0,0,0,0,0,0,0,0,0,0,0,0,0,0,0,0,0,0,0,0,0,0,0,0,0,0,0,0,0,0,0,0,0,0,0,0,0,0,0,0,0,0,0,0,0,0,0,0,0,0,0,0,0,0,0,0,0,0,0,0,0,0,0,0,0,0,0,0,0,0,0,0,0,0,0,0,0,0,0,0,0,0,0,0,0,0,0,0,0,0,0,0,0,0,0,0,0,0,0,0,0,0,0,0,0,0,0,0,0,0,0,0,0,0,0,0,0,0,0,0,0,0,0,0,0,0,0,0,0,0,0,0,0,0,0,0,0,0,0,0,0,0,0,0,0,0,0,0,0,0,0,0,0,0,0,0,0,0,0,0,0,0,0,0,0,0,0,0,0,0,0,0,0,0,0,0,0,0,0,0,0,0,0,0,0,0,0,0,0,0,0,0,0,0,0,0,0,0,0,0,0,0,0,0,0,0,0,0,0,0,0,0,0,0,0,0,0,0,0,0,0,0,0,0,0,0,0,0,0,0,0,0,0,0,0,0,0,0,0,0,0,0,0,0,0,0,0,0,0,0,0,0,0,0,0,0,0,0,0,0,0,0,0,0,0,0,0,0,0,0,0,0,0,0,0,0,0,0,0,0,0,0,0,0,0,0,0,0,0,0,0,0,0,0,0,0,0,0,0,0,0,0,0,0,0,0,0,0,0,0,0,0,0,0,0,0,0,0,0,0,0,0,0,0,0,0,0,0,0,0,0,0,0,0,0,0,0,0,0,0,0,0,0,0,0,0,0,0,0,0,0,0,0,0,0,0,0,0,0,0,0,0,0,0,0,0,0,0,0,0,0,0,0,0,0,0,0,0,0,0,0,0,0,0,0,0,0,0,0,0,0,0,0,0,0,0,,,,,,,,,,,,,,,
Robbery Reported by Population,659,529,582,580,673,639,697,780,782,814,780,905,867,664,678,642,820,868,877,967,889,825,829,846,893,835,645,557,579,639,759,782,758,918,779,1023,867,749,586,578,613,670,704,785,717,686,689,698,680,560,621,595,555,610,653,642,670,688,662,734,715,639,703,610,690,709,785,752,778,722,889,1031,950,741,763,680,722,774,863,873,833,899,917,1059,959,761,874,794,772,840,1031,903,886,936,909,985,915,706,890,878,823,817,961,962,895,1032,950,1021,912,710,810,757,763,800,822,862,962,1007,796,1035,943,790,912,878,897,850,939,1073,844,939,992,1083,987,822,785,852,918,874,960,974,980,1033,1040,1142,970,819,890,826,922,913,861,915,905,845,801,873,922,658,715,727,734,766,804,714,723,771,733,935,856,537,592,627,740,676,728,727,656,726,758,892,808,656,741,732,756,790,808,827,784,880,836,897,918,642,844,797,865,838,935,813,829,929,860,905,792,587,763,723,764,823,865,874,803,768,763,924,797,553,733,771,798,754,827,832,763,856,866,861,831,576,665,736,681,688,838,814,702,803,788,739,693,552,757,785,792,816,930,872,966,926,888,1036,963,727,846,842,902,956,1018,1020,1020,963,943,940,880,664,850,872,1063,952,971,931,948,935,928,1035,804,654,774,874,954,867,1002,976,1024,1064,918,874,908,601,771,841,847,815,933,828,780,830,751,748,633,494,676,684,739,674,734,714,736,758,709,809,676,503,595,583,588,696,732,739,731,713,766,759,714,499,625,626,688,732,716,669,659,726,724,769,647,489,543,593,677,606,659,652,650,675,543,585,635,418,530,582,619,600,660,626,646,612,645,678,639,379,485,573,636,649,710,704,648,703,664,709,715,540,538,570,649,605,657,726,679,774,630,760,770,511,536,598,646,664,719,726,659,714,671,649,718,509,491,508,571,665,680,565,634,601,588,692,576,413,392,487,549,553,621,514,519,529,498,552,570,419,418,387,433,452,503,458,508,492,468,520,399,315,324,344,418,349,458,448,483,493,454,466,502,371,349,389,436,404,429,375,376,464,373,391,378,349,373,432,543,512,478,377,431,437,417,409,,,,,,,,,,,,,,,
Shoplifting Reported by Population,0,0,0,0,0,0,0,0,0,0,0,0,0,0,0,0,0,0,0,0,0,0,0,0,0,0,0,0,0,0,0,0,0,0,0,0,0,0,0,0,0,0,0,0,0,0,0,0,0,0,0,0,0,0,0,0,0,0,0,0,0,0,0,0,0,0,0,0,0,0,0,0,0,0,0,0,0,0,0,0,0,0,0,0,0,0,0,0,0,0,0,0,0,0,0,0,0,0,0,0,0,1,0,0,0,0,0,0,0,0,0,0,0,0,0,0,0,0,0,0,0,0,0,0,0,0,0,0,0,0,0,0,0,0,0,0,0,0,0,0,0,0,0,0,0,0,0,0,0,0,0,0,0,0,0,0,0,0,0,0,0,0,0,0,0,0,0,0,0,0,0,0,22,0,3,0,0,0,0,8,11,78,19,14,19,31,31,102,874,955,554,548,897,539,983,585,651,672,419,628,595,994,635,905,1225,874,1103,1071,1025,1083,612,573,598,1038,1039,674,1051,774,930,704,622,1047,677,462,963,572,626,778,1159,694,830,708,261,130,352,671,706,859,1166,1194,1235,789,292,264,764,905,1237,814,665,1245,592,753,998,738,696,731,872,1162,946,1087,738,706,724,1196,1414,729,1343,784,1078,1282,935,1110,996,1451,1079,1187,1442,910,1226,1511,1648,943,1331,1129,1202,917,1304,1815,1274,1172,1654,1787,1743,1471,1755,1478,1325,1660,1669,1308,1401,1314,1488,1551,1413,1278,1511,1502,1369,1574,1359,1218,1427,1115,1421,1134,1632,1253,1661,1644,1518,1312,1660,1823,1663,1236,1514,1629,1725,1672,1622,1606,1522,1640,1849,1813,1805,1465,1533,1671,2000,1735,1934,1864,1713,2044,1808,1808,2021,1552,1803,1929,2060,1989,2071,2092,1826,2125,2159,2249,2462,1544,1993,2223,2403,2174,2359,2171,1989,2162,2386,2622,2385,1827,2230,2437,2488,1823,1913,1985,2048,2164,2430,2618,3301,2750,3111,3291,3284,3279,3460,3372,3169,3375,3373,3675,3430,2975,3154,3300,3547,3322,3563,3438,3437,3498,3264,3544,3274,2951,3041,3215,3415,3371,3456,3280,3304,3377,3398,3766,3594,3309,2888,2818,2758,2986,2713,2946,2877,2929,2748,3190,2763,2343,2359,2117,2404,2185,2258,2178,2016,2229,2111,2390,2324,2121,2284,2343,2528,2169,2444,2435,2441,2471,2496,2497,2443,2107,2544,2705,2859,2964,3000,2986,2745,2842,2863,3089,,,,,,,,,,,,,,,
Simple Assault Reported by Population,0,0,0,0,0,0,0,0,0,0,0,0,0,0,0,0,0,0,0,0,0,0,0,0,0,0,0,0,0,0,0,0,0,0,0,0,0,0,0,0,0,0,0,0,0,0,0,0,0,0,0,0,0,0,0,0,0,0,0,0,0,0,0,0,0,0,0,0,0,0,0,0,0,0,0,0,0,0,0,0,0,0,0,0,0,0,0,0,0,0,0,0,0,0,0,0,0,0,0,0,0,0,0,0,0,0,0,0,0,0,0,0,0,0,0,0,0,0,0,0,0,0,0,0,0,0,0,0,0,0,0,0,0,0,0,0,0,0,0,0,0,0,0,0,0,0,0,0,0,0,0,0,0,0,0,0,10,0,0,0,0,0,0,0,0,0,2,5,0,0,0,0,75,35,51,0,0,0,0,91,134,55,69,130,62,49,79,408,2493,2759,1366,1501,2498,1366,2782,1751,1920,1892,1567,1349,1651,2724,1461,1634,2988,2459,2860,2746,3276,3362,2228,1800,2005,2873,2613,1691,2866,2499,2974,2080,2003,3224,2313,1575,3383,1893,1571,1852,3489,2312,2530,2256,683,426,957,2018,2519,2782,3480,3116,3731,2569,1084,1185,3174,2972,4286,2957,3318,4339,1872,2377,3686,3269,2694,3308,3196,3756,3192,3829,2605,2520,2609,3700,4115,2672,4712,3056,3469,4097,2857,3509,3168,4085,2567,2876,3984,2748,4084,4634,4783,3041,3426,3409,4335,2521,2881,3660,3782,3885,4795,4844,5275,4480,4704,4972,4482,4342,4373,3500,4275,3893,4950,5320,5372,4771,4628,5037,5169,4796,4069,3442,4416,3655,4521,4839,5640,4544,4853,5165,5118,4734,4271,4210,4801,3907,4879,4945,5263,4878,4797,4897,4780,4094,4406,4136,4578,3831,4448,4923,5214,5092,4716,5293,4694,4963,4026,3913,4402,3799,4731,4964,5399,5015,5028,4859,4510,4727,3837,4176,4883,3344,4168,4748,5461,4593,5134,4880,5047,4366,4545,4320,4943,4222,4975,5550,5552,4533,4690,5125,5229,5076,4682,4426,6890,6095,6862,7677,7792,7227,7513,7367,7418,7139,6509,6483,6040,6108,6906,7016,7773,7008,7213,7387,7024,6785,6107,6534,6364,5773,6416,7071,7403,6635,6804,7194,7027,6716,5966,6169,6359,5764,6318,5499,6433,6620,6624,6564,6036,6234,5760,5498,5491,5213,6161,6338,6838,6506,6472,6655,6383,6666,5894,6169,5542,5437,6246,6380,7019,5945,6393,6443,6509,6174,5591,5630,6162,5625,6064,6470,6760,5833,6097,6652,6568,6419,5823,5938,,,,,,,,,,,,,,,
Smuggling Aliens Reported by Population,0,0,0,0,0,0,0,0,0,0,0,0,0,0,0,0,0,0,0,0,0,0,0,0,0,0,0,0,0,0,0,0,0,0,0,0,0,0,0,0,0,0,0,0,0,0,0,0,0,0,0,0,0,0,0,0,0,0,0,0,0,0,0,0,0,0,0,0,0,0,0,0,0,0,0,0,0,0,0,0,0,0,0,0,0,0,0,0,0,0,0,0,0,0,0,0,0,0,0,0,0,0,0,0,0,0,0,0,0,0,0,0,0,0,0,0,0,0,0,0,0,0,0,0,0,0,0,0,0,0,0,0,0,0,0,0,0,0,0,0,0,0,0,0,0,0,0,0,0,0,0,0,0,0,0,0,0,0,0,0,0,0,0,0,0,0,0,0,0,0,0,0,0,0,0,0,0,0,0,0,0,0,0,0,0,0,0,0,0,0,0,0,0,0,0,0,0,0,0,0,0,0,0,0,0,0,0,0,0,0,0,0,0,0,0,0,0,0,0,0,0,0,0,0,0,0,0,0,0,0,0,0,0,0,0,0,0,0,0,0,0,0,0,0,0,0,0,0,0,0,0,0,0,0,0,0,0,0,0,0,0,0,0,0,0,0,0,0,0,0,0,0,0,0,0,0,0,0,0,0,0,0,0,0,0,0,0,0,0,0,0,0,0,0,0,0,0,0,0,0,0,0,0,0,0,0,0,0,0,0,0,0,0,0,0,0,0,0,0,0,0,0,0,0,0,0,0,0,0,0,0,0,0,0,0,0,0,0,0,0,0,0,0,0,0,0,0,0,0,0,0,0,0,0,0,0,0,0,0,0,0,0,0,0,0,0,0,0,0,0,0,0,0,0,0,0,0,0,0,0,0,0,0,0,0,0,0,0,0,0,0,0,0,0,0,0,0,0,0,0,0,0,0,0,0,0,0,0,0,0,0,0,0,0,0,0,0,0,0,0,0,0,0,0,0,0,0,0,0,0,0,0,0,0,0,0,0,0,0,0,0,0,0,0,0,0,0,0,0,0,0,0,0,0,0,0,0,0,0,0,0,0,0,0,0,0,0,0,,,,,,,,,,,,,,,
Sports Tampering Reported by Population,0,0,0,0,0,0,0,0,0,0,0,0,0,0,0,0,0,0,0,0,0,0,0,0,0,0,0,0,0,0,0,0,0,0,0,0,0,0,0,0,0,0,0,0,0,0,0,0,0,0,0,0,0,0,0,0,0,0,0,0,0,0,0,0,0,0,0,0,0,0,0,0,0,0,0,0,0,0,0,0,0,0,0,0,0,0,0,0,0,0,0,0,0,0,0,0,0,0,0,0,0,0,0,0,0,0,0,0,0,0,0,0,0,0,0,0,0,0,0,0,0,0,0,0,0,0,0,0,0,0,0,0,0,0,0,0,0,0,0,0,0,0,0,0,0,0,0,0,0,0,0,0,0,0,0,0,0,0,0,0,0,0,0,0,0,0,0,0,0,0,0,0,0,0,0,0,0,0,0,0,0,0,0,0,0,0,0,0,0,0,0,0,0,0,0,0,0,0,0,0,0,0,0,0,0,0,0,0,0,0,0,0,0,0,0,0,0,0,0,0,0,0,0,0,0,0,0,0,0,0,0,0,0,0,0,0,0,0,0,0,0,0,0,0,0,0,0,0,0,0,0,0,0,0,0,0,0,0,0,0,0,0,0,0,0,0,0,0,0,0,0,0,0,0,0,0,0,0,0,0,1,0,0,0,0,0,0,0,0,0,0,0,0,0,0,0,0,0,0,0,0,0,0,0,0,0,0,0,0,0,0,0,0,0,0,0,1,0,1,0,0,0,0,0,0,0,1,0,1,0,0,0,0,0,0,1,0,0,0,0,1,4,1,1,1,1,0,1,1,0,0,0,0,0,1,0,1,0,1,0,0,0,1,0,0,0,2,3,0,0,0,1,0,0,0,0,1,0,0,0,1,0,0,0,0,0,0,0,0,0,0,1,1,0,0,1,1,0,0,0,0,0,1,0,0,0,0,0,0,0,0,0,0,1,0,0,1,0,0,0,0,0,0,0,0,0,0,0,0,0,0,0,0,0,0,0,0,0,0,0,0,0,0,0,0,0,0,0,0,0,0,0,0,0,0,0,0,0,0,0,0,0,0,0,0,0,0,0,,,,,,,,,,,,,,,
Statutory Rape Reported by Population,0,0,0,0,0,0,0,0,0,0,0,0,0,0,0,0,0,0,0,0,0,0,0,0,0,0,0,0,0,0,0,0,0,0,0,0,0,0,0,0,0,0,0,0,0,0,0,0,0,0,0,0,0,0,0,0,0,0,0,0,0,0,0,0,0,0,0,0,0,0,0,0,0,0,0,0,0,0,0,0,0,0,0,0,0,0,0,0,0,0,0,0,0,0,0,0,0,0,0,0,0,0,0,0,0,0,0,0,0,0,0,0,0,0,0,0,0,0,0,0,0,0,0,0,0,0,0,0,0,0,0,0,0,0,0,0,0,0,0,0,0,0,0,0,0,0,0,0,0,0,0,0,0,0,0,0,0,0,0,0,0,0,0,0,0,0,0,0,0,0,0,0,1,0,0,0,0,0,0,0,0,0,0,1,1,0,1,10,23,18,9,8,15,2,15,8,8,7,10,6,5,9,14,4,8,16,13,17,9,18,9,11,8,22,11,7,13,15,18,9,8,20,20,6,10,11,2,11,23,13,15,8,4,4,10,9,8,12,20,26,17,11,13,7,28,13,27,17,20,15,10,9,26,21,16,6,19,19,22,13,15,5,16,19,27,13,18,15,14,23,14,12,16,14,12,5,19,15,19,26,18,13,20,14,29,11,15,23,36,18,20,23,21,22,29,26,15,36,20,17,32,30,24,27,27,33,26,19,20,20,20,17,43,24,25,19,28,28,22,26,32,21,19,13,31,19,17,23,26,21,42,25,29,15,20,25,36,15,17,18,23,23,31,22,27,23,17,12,30,19,16,26,24,35,22,21,17,24,18,16,34,25,21,25,24,31,25,28,16,24,17,28,34,20,28,26,26,26,26,26,17,24,27,22,47,26,40,29,32,46,46,36,43,40,35,36,29,35,33,25,31,40,32,45,36,35,32,33,45,39,37,42,32,35,40,38,34,41,33,31,30,32,35,25,32,40,37,38,55,35,38,31,40,33,35,39,39,32,34,23,28,29,20,22,29,26,24,33,28,35,32,31,17,29,32,21,29,33,31,28,20,43,39,34,29,34,28,28,,,,,,,,,,,,,,,
Stolen Property Offenses Reported by Population,0,0,0,0,0,0,0,0,0,0,0,0,0,0,0,0,0,0,0,0,0,0,0,0,0,0,0,0,0,0,0,0,0,0,0,0,0,0,0,0,0,0,0,0,0,0,0,0,0,0,0,0,0,0,0,0,0,0,0,0,0,0,0,0,0,0,0,0,0,0,0,0,0,0,0,0,0,0,0,0,0,0,0,0,0,0,0,0,0,0,0,0,0,0,0,0,0,0,0,0,0,0,0,0,0,0,0,0,0,0,0,0,0,0,0,0,0,0,0,0,0,0,0,0,0,0,0,0,0,0,0,0,0,0,0,0,0,0,0,0,0,0,0,0,0,0,0,0,0,0,0,0,0,0,0,0,0,0,0,0,0,0,0,0,0,0,0,0,0,0,0,0,1,0,0,0,0,0,0,0,3,0,1,1,26,2,17,17,34,48,26,54,71,43,38,44,62,63,9,74,58,73,57,49,66,35,44,37,45,52,62,46,38,24,49,36,47,34,36,33,29,24,43,13,50,20,14,14,24,20,31,19,13,0,27,29,14,39,17,14,29,29,14,23,34,53,40,37,40,45,10,23,24,25,26,32,45,41,34,29,32,19,30,19,81,52,49,28,45,25,26,43,51,40,27,39,70,30,24,27,42,24,40,40,26,17,66,36,45,25,45,39,37,26,47,37,31,23,33,26,36,27,44,39,40,38,41,35,38,34,28,16,45,26,33,31,47,25,32,33,35,33,37,26,39,18,50,41,37,38,24,40,30,36,40,29,39,30,37,31,34,27,36,50,31,39,46,22,41,32,42,43,53,48,59,39,29,37,37,23,55,29,41,40,44,63,54,58,43,58,65,64,62,64,62,71,77,64,58,78,80,87,73,72,138,118,132,133,135,140,165,138,163,153,167,151,198,176,152,147,187,202,201,184,165,180,155,183,191,164,187,159,160,200,201,189,162,182,153,187,220,182,184,192,234,217,220,278,246,215,235,224,221,186,214,217,237,224,243,245,219,254,217,205,192,177,198,224,205,219,201,212,196,195,189,215,202,170,191,156,205,165,180,208,171,174,175,146,,,,,,,,,,,,,,,
Theft From Building Reported by Population,0,0,0,0,0,0,0,0,0,0,0,0,0,0,0,0,0,0,0,0,0,0,0,0,0,0,0,0,0,0,0,0,0,0,0,0,0,0,0,0,0,0,0,0,0,0,0,0,0,0,0,0,0,0,0,0,0,0,0,0,0,0,0,0,0,0,0,0,0,0,0,0,0,0,0,0,0,0,0,0,0,0,0,0,0,0,0,0,0,0,0,0,0,0,0,0,0,0,0,0,0,0,0,0,0,0,0,0,0,0,0,0,0,0,0,0,0,0,0,0,0,0,0,0,0,0,0,0,0,0,0,0,0,0,0,0,0,0,0,0,0,0,0,0,0,0,0,0,0,0,0,0,0,0,0,0,1,0,0,0,0,0,0,0,0,0,0,0,0,0,0,0,33,7,25,0,0,0,0,31,26,24,34,34,34,24,63,155,794,854,278,427,729,275,921,350,341,433,586,198,240,602,224,272,789,658,675,654,801,833,333,195,262,701,664,226,596,614,642,318,260,707,360,170,811,259,216,270,773,377,418,336,216,150,336,652,338,462,822,861,941,482,309,318,447,495,1044,560,590,1122,692,513,965,823,533,628,695,861,648,812,444,499,572,926,928,558,990,438,723,780,475,658,556,952,542,597,939,521,745,929,930,424,568,552,805,373,510,795,706,609,712,706,731,646,651,676,642,715,802,590,842,753,781,899,812,815,774,843,899,892,684,625,801,671,909,932,1120,1026,1084,1192,1223,1149,1150,1299,1403,1037,1285,1222,1410,1133,1236,1269,1250,1158,1373,1409,1513,1320,1424,1470,1460,1431,1385,1567,1353,1579,1299,1300,1546,1264,1498,1441,1462,1549,1526,1518,1488,1635,1356,1505,1701,1041,1381,1451,1680,1529,1697,1583,1526,1467,1492,1494,1679,1297,1440,1711,1636,1338,1483,1578,1666,1555,1516,1582,2426,1935,2368,2202,2348,2229,2380,2309,2338,2228,2130,2119,1953,1859,2047,1992,2157,2197,2124,2094,2108,2122,1930,1925,1849,1650,1886,1899,2117,1895,1950,1916,1807,1786,1680,1774,1866,1555,1465,1221,1413,1516,1536,1519,1422,1632,1402,1323,1350,1127,1253,1379,1427,1391,1440,1346,1373,1480,1362,1388,1279,1224,1399,1374,1404,1315,1412,1438,1382,1303,1301,1270,1242,1111,1190,1215,1345,1188,1214,1306,1216,1166,1079,1103,,,,,,,,,,,,,,,
Theft From Coin-Operated Machine or Device Reported by Population,0,0,0,0,0,0,0,0,0,0,0,0,0,0,0,0,0,0,0,0,0,0,0,0,0,0,0,0,0,0,0,0,0,0,0,0,0,0,0,0,0,0,0,0,0,0,0,0,0,0,0,0,0,0,0,0,0,0,0,0,0,0,0,0,0,0,0,0,0,0,0,0,0,0,0,0,0,0,0,0,0,0,0,0,0,0,0,0,0,0,0,0,0,0,0,0,0,0,0,0,0,0,0,0,0,0,0,0,0,0,0,0,0,0,0,0,0,0,0,0,0,0,0,0,0,0,0,0,0,0,0,0,0,0,0,0,0,0,0,0,0,0,0,0,0,0,0,0,0,0,0,0,0,0,0,0,0,0,0,0,0,0,0,0,0,0,0,0,0,0,0,0,6,0,0,0,0,0,0,4,2,7,2,2,0,0,3,4,30,33,17,15,18,12,18,24,22,35,14,3,5,12,12,17,30,29,17,15,12,23,14,12,6,15,17,12,26,27,20,8,11,14,13,5,21,15,3,28,26,7,27,42,15,6,14,14,12,37,45,36,50,25,22,38,47,43,35,32,21,43,24,30,41,36,21,37,34,13,33,17,18,14,24,40,58,21,34,16,31,26,22,33,43,28,19,23,33,27,39,37,25,27,32,27,26,26,25,44,58,41,14,19,15,22,28,24,27,24,33,20,17,16,20,24,23,26,35,22,11,14,14,11,21,15,13,17,29,17,24,8,29,24,14,19,16,5,10,19,28,14,31,16,12,21,26,18,28,17,29,18,26,24,17,16,17,15,13,11,10,11,15,18,10,8,11,21,6,34,8,17,18,11,8,7,18,17,20,22,10,10,12,13,14,7,12,8,10,21,17,14,11,13,10,21,32,24,52,39,42,33,33,31,23,57,66,55,23,34,20,15,23,22,28,21,11,27,20,23,20,20,17,25,32,45,27,25,14,24,16,16,22,33,31,20,23,20,22,21,24,38,21,27,24,18,14,13,20,18,21,20,11,21,16,11,15,11,11,10,10,11,15,24,29,39,31,22,19,32,16,17,11,5,20,14,18,17,12,14,,,,,,,,,,,,,,,
Theft From Motor Vehicle Reported by Population,0,0,0,0,0,0,0,0,0,0,0,0,0,0,0,0,0,0,0,0,0,0,0,0,0,0,0,0,0,0,0,0,0,0,0,0,0,0,0,0,0,0,0,0,0,0,0,0,0,0,0,0,0,0,0,0,0,0,0,0,0,0,0,0,0,0,0,0,0,0,0,0,0,0,0,0,0,0,0,0,0,0,0,0,0,0,0,0,0,0,0,0,0,0,0,0,0,0,0,0,0,0,0,0,0,0,0,0,0,0,0,0,0,0,0,0,0,0,0,0,0,0,0,0,1,0,0,0,0,0,0,0,0,0,0,0,0,0,0,0,0,0,0,0,0,0,0,0,0,0,0,0,0,0,0,0,0,0,0,0,0,0,0,0,0,0,1,2,0,0,0,0,32,13,27,0,0,0,0,16,39,42,34,25,35,21,37,294,1809,1821,1052,1077,1572,868,1536,1028,1170,1349,998,992,992,1676,950,1164,1676,1257,1440,1376,1805,1989,1246,889,904,1440,1679,886,1764,1403,1411,1148,877,1732,1103,869,2003,993,822,1100,1545,1003,1175,961,464,273,564,1010,954,1512,1852,1670,1821,1008,423,409,1313,1402,2250,1348,1239,2137,1076,1260,1854,1341,1332,1565,1854,1946,1913,1976,1589,1307,1406,1737,1834,1147,1943,1217,1384,1748,1380,1758,1566,2062,1423,1611,1881,1178,1765,2028,1987,1338,1691,1696,1719,1242,1371,1677,1552,1262,1791,2020,2189,1777,2041,1927,1769,1812,1713,1591,1621,1288,1556,1615,1815,1768,1834,1764,1888,1748,1418,1233,1457,1035,1433,1461,1918,1647,1868,1905,1755,1493,1610,1569,1522,1012,1378,1425,1672,1560,1608,1537,1507,1401,1498,1391,1455,1082,1489,1491,1777,1920,1811,1925,1652,1712,1313,1356,1549,1114,1453,1337,1650,1689,1870,1639,1583,1937,1517,1441,1638,995,1474,1538,1936,1844,2274,2169,1891,1884,1752,1731,1730,1320,1602,1920,1844,1823,2045,2361,2365,2278,2105,1923,2607,2250,2342,2417,3015,3161,3397,3069,3117,3228,3030,2918,2800,2212,2554,2454,2919,3052,3392,3330,3392,3351,2685,2660,2452,1985,2271,2506,2831,3041,3304,3011,2986,2840,2425,2673,2627,2237,2377,2389,2411,2750,3393,3204,3084,3077,3025,2959,2734,1895,2035,1929,2358,2279,2839,2796,2778,2986,2457,2550,2818,2233,2205,2558,2918,2821,3121,2769,2525,2697,2361,2719,2877,2424,2552,2637,3053,3035,2874,2944,2882,2990,2612,2609,,,,,,,,,,,,,,,
Theft of Motor Vehicle Parts or Accessories Reported by Population,0,0,0,0,0,0,0,0,0,0,0,0,0,0,0,0,0,0,0,0,0,0,0,0,0,0,0,0,0,0,0,0,0,0,0,0,0,0,0,0,0,0,0,0,0,0,0,0,0,0,0,0,0,0,0,0,0,0,0,0,0,0,0,0,0,0,0,0,0,0,0,0,0,0,0,0,0,0,0,0,0,0,0,0,0,0,0,0,0,0,0,0,0,0,0,0,0,0,0,0,0,0,0,0,0,0,0,0,0,0,0,0,0,0,0,0,0,0,0,0,0,0,0,0,0,0,0,0,0,0,0,0,0,0,0,0,0,0,0,0,0,0,0,0,0,0,0,0,0,0,0,0,0,0,0,0,0,0,0,0,0,0,0,0,0,0,0,0,0,0,0,0,35,1,10,0,0,0,0,19,12,10,9,9,15,7,18,111,616,639,118,173,504,153,581,164,264,261,555,133,155,644,191,273,713,652,664,787,937,872,511,409,467,864,844,326,811,590,770,370,477,880,552,431,1094,467,435,493,937,426,517,436,200,116,191,637,722,838,952,755,862,525,224,191,800,873,1216,836,805,1212,470,626,1041,731,538,567,562,800,643,937,604,515,522,767,996,542,953,468,606,864,578,688,568,1004,534,572,882,423,883,1104,1101,666,950,806,1093,610,626,1028,891,819,993,1033,1058,901,1061,1059,963,993,929,812,861,752,826,906,1045,982,1017,1085,1047,913,798,689,826,656,777,838,1082,773,999,1084,1031,885,921,827,899,669,922,886,944,898,903,828,873,822,763,703,825,684,792,776,806,825,716,871,748,771,718,607,759,537,737,670,771,761,750,791,712,774,660,720,756,450,692,668,752,696,801,796,761,663,649,634,661,489,620,699,675,607,758,746,702,624,660,613,816,694,809,731,842,834,851,915,905,835,769,766,818,672,802,777,846,878,890,869,863,816,813,750,824,669,727,769,771,821,839,829,710,759,693,716,794,710,769,727,807,885,822,838,970,1038,1075,1076,1142,960,1149,1072,1195,1189,1268,1172,1142,1061,962,944,943,959,1001,1053,956,962,1038,1140,992,1037,926,853,1047,805,727,739,770,716,660,637,594,519,486,486,,,,,,,,,,,,,,,
Treason Reported by Population,0,0,0,0,0,0,0,0,0,0,0,0,0,0,0,0,0,0,0,0,0,0,0,0,0,0,0,0,0,0,0,0,0,0,0,0,0,0,0,0,0,0,0,0,0,0,0,0,0,0,0,0,0,0,0,0,0,0,0,0,0,0,0,0,0,0,0,0,0,0,0,0,0,0,0,0,0,0,0,0,0,0,0,0,0,0,0,0,0,0,0,0,0,0,0,0,0,0,0,0,0,0,0,0,0,0,0,0,0,0,0,0,0,0,0,0,0,0,0,0,0,0,0,0,0,0,0,0,0,0,0,0,0,0,0,0,0,0,0,0,0,0,0,0,0,0,0,0,0,0,0,0,0,0,0,0,0,0,0,0,0,0,0,0,0,0,0,0,0,0,0,0,0,0,0,0,0,0,0,0,0,0,0,0,0,0,0,0,0,0,0,0,0,0,0,0,0,0,0,0,0,0,0,0,0,0,0,0,0,0,0,0,0,0,0,0,0,0,0,0,0,0,0,0,0,0,0,0,0,0,0,0,0,0,0,0,0,0,0,0,0,0,0,0,0,0,0,0,0,0,0,0,0,0,0,0,0,0,0,0,0,0,0,0,0,0,0,0,0,0,0,0,0,0,0,0,0,0,0,0,0,0,0,0,0,0,0,0,0,0,0,0,0,0,0,0,0,0,0,0,0,0,0,0,0,0,0,0,0,0,0,0,0,0,0,0,0,0,0,0,0,0,0,0,0,0,0,0,0,0,0,0,0,0,0,0,0,0,0,0,0,0,0,0,0,0,0,0,0,0,0,0,0,0,0,0,0,0,0,0,0,0,0,0,0,0,0,0,0,0,0,0,0,0,0,0,0,0,0,0,0,0,0,0,0,0,0,0,0,0,0,0,0,0,0,0,0,0,0,0,0,0,0,0,0,0,0,0,0,0,0,0,0,0,0,0,0,0,0,0,0,0,0,0,0,0,0,0,0,0,0,0,0,0,0,0,0,0,0,0,0,0,0,0,0,0,0,0,0,0,0,0,0,0,0,0,0,0,0,0,0,0,0,0,0,0,0,0,,,,,,,,,,,,,,,
Violation of National Firearm Act of 1934 Reported by Population,0,0,0,0,0,0,0,0,0,0,0,0,0,0,0,0,0,0,0,0,0,0,0,0,0,0,0,0,0,0,0,0,0,0,0,0,0,0,0,0,0,0,0,0,0,0,0,0,0,0,0,0,0,0,0,0,0,0,0,0,0,0,0,0,0,0,0,0,0,0,0,0,0,0,0,0,0,0,0,0,0,0,0,0,0,0,0,0,0,0,0,0,0,0,0,0,0,0,0,0,0,0,0,0,0,0,0,0,0,0,0,0,0,0,0,0,0,0,0,0,0,0,0,0,0,0,0,0,0,0,0,0,0,0,0,0,0,0,0,0,0,0,0,0,0,0,0,0,0,0,0,0,0,0,0,0,0,0,0,0,0,0,0,0,0,0,0,0,0,0,0,0,0,0,0,0,0,0,0,0,0,0,0,0,0,0,0,0,0,0,0,0,0,0,0,0,0,0,0,0,0,0,0,0,0,0,0,0,0,0,0,0,0,0,0,0,0,0,0,0,0,0,0,0,0,0,0,0,0,0,0,0,0,0,0,0,0,0,0,0,0,0,0,0,0,0,0,0,0,0,0,0,0,0,0,0,0,0,0,0,0,0,0,0,0,0,0,0,0,0,0,0,0,0,0,0,0,0,0,0,0,0,0,0,0,0,0,0,0,0,0,0,0,0,0,0,0,0,0,0,0,0,0,0,0,0,0,0,0,0,0,0,0,0,0,0,0,0,0,0,0,0,0,0,0,0,0,0,0,0,0,0,0,0,0,0,0,0,0,0,0,0,0,0,0,0,0,0,0,0,0,0,0,0,0,0,0,0,0,0,0,0,0,0,0,0,0,0,0,0,0,0,0,0,0,0,0,0,0,0,0,0,0,0,0,0,0,0,0,0,0,0,0,0,0,0,0,0,0,0,0,0,0,0,0,0,0,0,0,0,0,0,0,0,0,0,0,0,0,0,0,0,0,0,0,0,0,0,0,0,0,0,0,0,0,0,0,0,0,0,0,0,0,0,0,0,0,0,0,0,0,0,0,0,0,0,0,0,0,0,0,0,0,0,0,0,0,0,,,,,,,,,,,,,,,
Weapon Law Violations Reported by Population,0,0,0,0,0,0,0,0,0,0,0,0,0,0,0,0,0,0,0,0,0,0,0,0,0,0,0,0,0,0,0,0,0,0,0,0,0,0,0,0,0,0,0,0,0,0,0,0,0,0,0,0,0,0,0,0,0,0,0,0,0,0,0,0,0,0,0,0,0,0,0,0,0,0,0,0,0,0,0,0,0,0,0,0,0,0,0,0,0,0,0,0,0,0,0,0,0,0,0,0,0,0,0,0,0,0,0,0,0,0,0,0,0,0,1,0,0,0,0,0,0,0,0,0,0,0,0,0,0,0,0,0,0,0,0,0,0,0,0,0,0,0,0,0,0,0,0,0,0,0,0,0,0,0,0,0,1,0,0,0,0,0,0,0,0,0,0,0,0,0,0,0,6,0,0,0,0,0,0,6,7,4,1,8,4,4,1,31,192,240,129,110,189,112,209,124,148,105,55,125,151,198,115,168,267,197,213,195,245,190,136,141,148,219,227,126,208,183,230,164,124,200,165,138,252,136,106,115,243,158,149,153,46,17,51,125,146,199,248,170,240,175,63,57,180,199,285,182,211,327,119,155,293,214,198,220,192,232,197,255,160,187,198,243,300,214,353,219,247,288,158,249,210,258,179,195,301,221,246,250,321,176,243,212,291,201,184,279,303,267,349,319,351,262,278,343,295,272,293,194,259,267,310,344,290,239,258,295,315,272,257,207,240,216,318,285,316,231,267,290,316,321,289,264,368,307,364,354,308,319,279,334,294,309,341,329,474,508,580,470,504,552,505,525,404,489,408,402,519,450,489,506,551,465,455,496,468,475,422,456,559,322,479,467,510,482,598,596,505,557,475,518,610,552,626,646,585,563,512,547,615,673,631,607,921,861,942,944,959,901,936,946,908,983,961,846,1020,896,979,945,991,937,916,931,924,857,890,959,949,822,912,958,978,895,999,938,929,937,837,963,1065,971,950,796,1256,1086,1221,1299,1235,1297,1182,1121,1342,1102,1372,1349,1433,1340,1414,1348,1359,1367,1299,1355,1312,1276,1446,1528,1340,1325,1328,1338,1365,1342,1259,1267,1312,1066,1289,1245,1446,1357,1342,1190,1221,1259,1155,1208,,,,,,,,,,,,,,,
Weapons of Mass Destruction Reported by Population,0,0,0,0,0,0,0,0,0,0,0,0,0,0,0,0,0,0,0,0,0,0,0,0,0,0,0,0,0,0,0,0,0,0,0,0,0,0,0,0,0,0,0,0,0,0,0,0,0,0,0,0,0,0,0,0,0,0,0,0,0,0,0,0,0,0,0,0,0,0,0,0,0,0,0,0,0,0,0,0,0,0,0,0,0,0,0,0,0,0,0,0,0,0,0,0,0,0,0,0,0,0,0,0,0,0,0,0,0,0,0,0,0,0,0,0,0,0,0,0,0,0,0,0,0,0,0,0,0,0,0,0,0,0,0,0,0,0,0,0,0,0,0,0,0,0,0,0,0,0,0,0,0,0,0,0,0,0,0,0,0,0,0,0,0,0,0,0,0,0,0,0,0,0,0,0,0,0,0,0,0,0,0,0,0,0,0,0,0,0,0,0,0,0,0,0,0,0,0,0,0,0,0,0,0,0,0,0,0,0,0,0,0,0,0,0,0,0,0,0,0,0,0,0,0,0,0,0,0,0,0,0,0,0,0,0,0,0,0,0,0,0,0,0,0,0,0,0,0,0,0,0,0,0,0,0,0,0,0,0,0,0,0,0,0,0,0,0,0,0,0,0,0,0,0,0,0,0,0,0,0,0,0,0,0,0,0,0,0,0,0,0,0,0,0,0,0,0,0,0,0,0,0,0,0,0,0,0,0,0,0,0,0,0,0,0,0,0,0,0,0,0,0,0,0,0,0,0,0,0,0,0,0,0,0,0,0,0,0,0,0,0,0,0,0,0,0,0,0,0,0,0,0,0,0,0,0,0,0,0,0,0,0,0,0,0,0,0,0,0,0,0,0,0,0,0,0,0,0,0,0,0,0,0,0,0,0,0,0,0,0,0,0,0,0,0,0,0,0,0,0,0,0,0,0,0,0,0,0,0,0,0,0,0,0,0,0,0,0,0,0,0,0,0,0,0,0,0,0,0,0,0,0,0,0,0,0,0,0,0,0,0,0,0,0,0,0,0,0,0,0,0,0,0,0,0,0,0,0,0,0,0,0,0,0,0,0,0,,,,,,,,,,,,,,,
Welfare Fraud Reported by Population,0,0,0,0,0,0,0,0,0,0,0,0,0,0,0,0,0,0,0,0,0,0,0,0,0,0,0,0,0,0,0,0,0,0,0,0,0,0,0,0,0,0,0,0,0,0,0,0,0,0,0,0,0,0,0,0,0,0,0,0,0,0,0,0,0,0,0,0,0,0,0,0,0,0,0,0,0,0,0,0,0,0,0,0,0,0,0,0,0,0,0,0,0,0,0,0,0,0,0,0,0,0,0,0,0,0,0,0,0,0,0,0,0,0,0,0,0,0,0,0,0,0,0,0,0,0,0,0,0,0,0,0,0,0,0,0,0,0,0,0,0,0,0,0,0,0,0,0,0,0,0,0,0,0,0,0,0,0,0,0,0,0,0,0,0,0,0,0,0,0,0,0,0,0,0,0,0,0,0,0,0,0,0,0,0,0,0,1,0,0,1,1,1,1,0,0,0,0,1,0,1,0,0,0,0,1,0,0,0,0,0,0,0,1,0,1,0,0,0,1,1,3,0,0,1,0,0,1,1,2,0,0,0,0,0,0,0,1,1,0,2,1,0,1,0,0,0,0,0,3,0,1,1,0,1,0,0,1,0,0,0,1,0,0,0,1,0,0,0,0,0,0,0,1,0,1,0,1,0,0,0,1,0,0,1,2,0,0,3,0,0,0,1,1,0,0,1,0,1,2,2,0,1,0,0,0,0,16,0,0,0,0,0,17,2,1,0,1,0,0,0,2,1,1,0,19,1,0,0,0,34,34,3,1,15,4,5,1,2,3,4,1,1,3,1,34,23,0,40,0,0,2,2,3,1,4,3,26,0,31,42,3,31,26,26,18,31,29,2,0,1,2,32,19,12,18,19,20,11,15,19,16,10,13,25,21,28,17,16,19,14,11,15,11,20,18,26,15,16,21,19,13,17,15,13,11,19,11,23,16,17,117,23,8,9,28,22,22,30,18,39,33,42,62,50,59,34,26,118,17,30,15,33,24,19,10,16,20,16,9,10,8,4,5,5,6,3,5,1,3,6,7,6,5,7,10,6,6,6,16,11,16,6,15,6,9,11,8,,,,,,,,,,,,,,,
Wildlife Trafficking Reported by Population,0,0,0,0,0,0,0,0,0,0,0,0,0,0,0,0,0,0,0,0,0,0,0,0,0,0,0,0,0,0,0,0,0,0,0,0,0,0,0,0,0,0,0,0,0,0,0,0,0,0,0,0,0,0,0,0,0,0,0,0,0,0,0,0,0,0,0,0,0,0,0,0,0,0,0,0,0,0,0,0,0,0,0,0,0,0,0,0,0,0,0,0,0,0,0,0,0,0,0,0,0,0,0,0,0,0,0,0,0,0,0,0,0,0,0,0,0,0,0,0,0,0,0,0,0,0,0,0,0,0,0,0,0,0,0,0,0,0,0,0,0,0,0,0,0,0,0,0,0,0,0,0,0,0,0,0,0,0,0,0,0,0,0,0,0,0,0,0,0,0,0,0,0,0,0,0,0,0,0,0,0,0,0,0,0,0,0,0,0,0,0,0,0,0,0,0,0,0,0,0,0,0,0,0,0,0,0,0,0,0,0,0,0,0,0,0,0,0,0,0,0,0,0,0,0,0,0,0,0,0,0,0,0,0,0,0,0,0,0,0,0,0,0,0,0,0,0,0,0,0,0,0,0,0,0,0,0,0,0,0,0,0,0,0,0,0,0,0,0,0,0,0,0,0,0,0,0,0,0,0,0,0,0,0,0,0,0,0,0,0,0,0,0,0,0,0,0,0,0,0,0,0,0,0,0,0,0,0,0,0,0,0,0,0,0,0,0,0,0,0,0,0,0,0,0,0,0,0,0,0,0,0,0,0,0,0,0,0,0,0,0,0,0,0,0,0,0,0,0,0,0,0,0,0,0,0,0,0,0,0,0,0,0,0,0,0,0,0,0,0,0,0,0,0,0,0,0,0,0,0,0,0,0,0,0,0,0,0,0,0,0,0,0,0,0,0,0,0,0,0,0,0,0,0,0,0,0,0,0,0,0,0,0,0,0,0,0,0,0,0,0,0,0,0,0,0,0,0,0,0,0,0,0,0,0,0,0,0,0,0,0,0,0,0,0,0,0,0,0,0,0,0,0,0,0,0,0,0,0,0,0,0,0,0,0,0,0,0,,,,,,,,,,,,,,,
Wire Fraud Reported by Population,0,0,0,0,0,0,0,0,0,0,0,0,0,0,0,0,0,0,0,0,0,0,0,0,0,0,0,0,0,0,0,0,0,0,0,0,0,0,0,0,0,0,0,0,0,0,0,0,0,0,0,0,0,0,0,0,0,0,0,0,0,0,0,0,0,0,0,0,0,0,0,0,0,0,0,0,0,0,0,0,0,0,0,0,0,0,0,0,0,0,0,0,0,0,0,0,0,0,0,0,0,0,0,0,0,0,0,0,0,0,0,0,0,0,0,0,0,0,0,0,0,0,0,0,0,0,0,0,0,0,0,0,0,0,0,0,0,0,0,0,0,0,0,0,0,0,0,0,0,0,0,0,0,0,0,0,0,0,0,0,0,0,0,0,0,0,0,0,0,0,0,0,0,0,0,0,0,0,0,0,0,0,1,0,0,0,0,0,6,3,3,4,4,5,5,5,12,12,1,3,5,6,3,10,8,4,7,10,9,7,6,5,12,7,9,4,4,3,8,3,4,7,5,1,4,6,4,6,7,6,2,1,3,1,3,5,3,6,5,6,7,9,2,8,4,7,6,5,7,6,2,6,4,6,6,8,8,10,9,8,2,6,9,15,12,3,7,2,5,11,5,9,4,8,5,5,16,7,10,11,12,8,10,8,4,7,9,15,18,13,16,14,20,16,13,15,21,15,14,17,10,13,20,15,17,14,19,22,20,14,24,9,18,15,26,30,61,38,42,46,44,38,57,46,35,43,45,33,27,26,21,18,13,20,17,18,25,21,29,25,23,19,22,18,14,20,25,12,25,19,29,28,28,31,40,29,29,25,37,24,39,23,22,32,38,27,40,31,22,53,24,23,39,39,37,55,40,41,33,44,30,55,46,44,105,94,82,76,84,79,76,91,109,79,95,88,86,92,93,100,89,90,122,82,107,103,100,107,106,126,135,112,120,97,92,111,110,118,113,104,127,121,96,114,131,126,124,149,131,120,127,100,149,107,160,121,120,138,133,158,140,139,131,144,134,120,155,164,143,153,143,163,144,175,185,202,186,209,216,181,175,187,162,199,196,176,139,150,,,,,,,,,,,,,,,
